Id,Age,Income,Home,Emp_length,Intent,Amount,Rate,Status,Percent_income,PREVIOUS LOANS,Cred_length,DATE
0,22,59000,RENT,123,PERSONAL,35000,16.02,1,59.00%,Y,3,10-05-2025
1,21,9600,OWN,5,EDUCATION,1000,11.14,0,10.00%,N,2,31-12-2025
2,25,9600,MORTGAGE,1,MEDICAL,5500,12.87,1,57.00%,N,3,10-11-2025
3,23,65500,RENT,4,MEDICAL,35000,15.23,1,53.00%,N,2,02-05-2023
4,24,54400,RENT,8,MEDICAL,35000,14.27,1,55.00%,Y,4,11-04-2024
5,21,9900,OWN,2,VENTURE,2500,7.14,1,25.00%,N,2,27-11-2023
6,26,77100,RENT,8,EDUCATION,35000,12.42,1,45.00%,N,3,29-03-2023
7,24,78956,RENT,5,MEDICAL,35000,11.11,1,44.00%,N,4,21-05-2025
8,24,83000,RENT,8,PERSONAL,35000,8.9,1,42.00%,N,2,11-05-2023
9,21,10000,OWN,6,VENTURE,1600,14.74,1,16.00%,N,3,08-02-2025
10,22,85000,RENT,6,VENTURE,35000,10.37,1,41.00%,N,4,10-12-2023
11,21,10000,OWN,2,HOMEIMPROVEMENT,4500,8.63,1,45.00%,N,2,16-03-2025
12,23,95000,RENT,2,VENTURE,35000,7.9,1,37.00%,N,2,21-01-2024
13,26,108160,RENT,4,EDUCATION,35000,18.39,1,32.00%,N,4,13-08-2025
14,23,115000,RENT,2,EDUCATION,35000,7.9,0,30.00%,N,4,04-10-2023
15,23,500000,MORTGAGE,7,DEBTCONSOLIDATION,30000,10.65,0,6.00%,N,3,04-04-2024
16,23,120000,RENT,0,EDUCATION,35000,7.9,0,29.00%,N,4,22-01-2023
17,23,92111,RENT,7,MEDICAL,35000,20.25,1,32.00%,N,4,10-09-2023
18,23,113000,RENT,8,DEBTCONSOLIDATION,35000,18.25,1,31.00%,N,4,17-01-2025
19,24,10800,MORTGAGE,8,EDUCATION,1750,10.99,1,16.00%,N,2,06-05-2025
20,25,162500,RENT,2,VENTURE,35000,7.49,0,22.00%,N,4,19-04-2024
21,25,137000,RENT,9,PERSONAL,34800,16.77,0,25.00%,Y,2,18-12-2025
22,22,65000,RENT,4,EDUCATION,34000,17.58,1,52.00%,N,4,25-05-2024
23,24,10980,OWN,0,PERSONAL,1500,7.29,0,14.00%,N,3,30-11-2024
24,22,80000,RENT,3,PERSONAL,33950,14.54,1,42.00%,Y,4,02-09-2025
25,24,67746,RENT,8,HOMEIMPROVEMENT,33000,12.68,1,49.00%,N,3,09-07-2023
26,21,11000,MORTGAGE,3,VENTURE,4575,17.74,1,42.00%,Y,3,15-08-2025
27,23,11000,OWN,0,PERSONAL,1400,9.32,0,13.00%,N,3,17-11-2024
28,24,65000,RENT,6,HOMEIMPROVEMENT,32500,9.99,1,50.00%,N,3,15-08-2025
29,21,11389,OTHER,5,EDUCATION,4000,12.84,1,35.00%,Y,2,16-07-2024
30,21,11520,OWN,5,MEDICAL,2000,11.12,1,17.00%,N,3,11-04-2025
31,25,120000,RENT,2,VENTURE,32000,6.62,0,27.00%,N,2,08-10-2024
32,26,95000,RENT,7,HOMEIMPROVEMENT,31050,14.17,1,33.00%,Y,3,21-01-2023
33,25,306000,RENT,2,DEBTCONSOLIDATION,24250,13.85,0,8.00%,N,3,20-04-2025
34,26,300000,MORTGAGE,10,MEDICAL,7800,13.49,0,3.00%,N,4,16-06-2023
35,21,12000,OWN,5,EDUCATION,2500,7.51,1,21.00%,N,4,23-01-2024
36,22,48000,RENT,1,EDUCATION,30000,18.39,1,63.00%,N,2,23-08-2024
37,24,64000,RENT,8,DEBTCONSOLIDATION,30000,14.54,1,47.00%,Y,3,12-11-2023
38,25,75000,RENT,4,HOMEIMPROVEMENT,30000,16.89,1,40.00%,Y,4,14-01-2023
39,23,71500,RENT,3,DEBTCONSOLIDATION,30000,,1,42.00%,N,4,30-08-2023
40,26,62050,RENT,6,MEDICAL,30000,17.99,1,41.00%,N,2,15-02-2025
41,24,12000,OWN,4,VENTURE,2500,12.69,1,21.00%,N,3,18-07-2024
42,26,300000,MORTGAGE,10,VENTURE,20000,7.88,0,7.00%,N,4,16-06-2025
43,23,300000,OWN,1,EDUCATION,24250,19.41,0,8.00%,Y,2,02-04-2023
44,26,300000,OWN,9,HOMEIMPROVEMENT,10000,10.38,0,3.00%,N,4,13-08-2025
45,26,300000,MORTGAGE,0,EDUCATION,25000,15.33,0,8.00%,N,3,23-05-2024
46,25,300000,MORTGAGE,9,HOMEIMPROVEMENT,18000,16.45,0,6.00%,N,3,14-02-2025
47,26,80690,RENT,8,PERSONAL,30000,7.49,1,37.00%,N,3,04-02-2023
48,22,66300,RENT,4,MEDICAL,30000,12.69,1,38.00%,N,3,25-07-2023
49,26,89028,RENT,0,DEBTCONSOLIDATION,30000,6.62,1,34.00%,N,3,22-10-2025
50,24,78000,RENT,4,DEBTCONSOLIDATION,30000,,1,38.00%,Y,4,18-10-2025
51,23,78000,RENT,7,DEBTCONSOLIDATION,30000,18.62,1,38.00%,Y,3,19-07-2024
52,23,92004,RENT,6,PERSONAL,30000,15.23,1,33.00%,Y,3,03-12-2024
53,23,97000,RENT,7,VENTURE,30000,10.65,1,31.00%,N,2,06-02-2024
54,25,120000,RENT,9,EDUCATION,30000,7.9,0,25.00%,N,4,30-12-2024
55,26,280000,RENT,4,PERSONAL,10000,15.96,0,4.00%,Y,3,11-06-2023
56,26,277104,RENT,0,VENTURE,20000,11.48,0,7.00%,N,3,21-07-2023
57,23,277000,OWN,3,PERSONAL,35000,,0,13.00%,N,4,22-09-2025
58,25,128000,RENT,9,PERSONAL,30000,7.29,0,23.00%,N,4,27-09-2023
59,24,12000,OWN,2,VENTURE,1750,,0,15.00%,Y,3,26-03-2025
60,21,131000,RENT,0,VENTURE,30000,5.99,0,23.00%,N,4,31-03-2024
61,22,275000,OWN,6,VENTURE,12000,11.58,0,4.00%,N,2,13-10-2025
62,26,263000,MORTGAGE,0,EDUCATION,10000,,1,4.00%,N,4,23-10-2023
63,25,221850,MORTGAGE,9,MEDICAL,25000,15.7,1,10.00%,N,2,20-12-2024
64,22,70000,RENT,6,EDUCATION,29100,15.99,1,42.00%,N,3,04-12-2023
65,22,12000,MORTGAGE,7,EDUCATION,1500,14.84,0,13.00%,Y,3,28-05-2025
66,26,260000,OWN,10,HOMEIMPROVEMENT,28000,10.99,0,11.00%,N,3,12-12-2025
67,25,259000,MORTGAGE,9,HOMEIMPROVEMENT,20000,14.42,0,8.00%,Y,2,02-03-2025
68,24,255000,MORTGAGE,9,EDUCATION,9600,6.99,0,4.00%,N,2,05-08-2023
69,25,250000,RENT,2,MEDICAL,25000,13.49,0,10.00%,N,4,02-02-2025
70,25,12000,OWN,0,MEDICAL,3000,,1,25.00%,N,3,07-07-2023
71,22,56950,RENT,6,MEDICAL,28000,,1,49.00%,N,2,15-01-2024
72,21,12000,OWN,6,EDUCATION,3000,13.61,1,25.00%,Y,3,07-05-2024
73,23,65000,RENT,2,EDUCATION,28000,7.9,1,43.00%,N,2,30-11-2025
74,26,85000,RENT,2,VENTURE,28000,7.49,1,33.00%,N,3,15-01-2023
75,26,12000,OWN,2,EDUCATION,6100,7.51,1,51.00%,N,3,06-03-2023
76,22,88000,RENT,6,VENTURE,28000,9.91,1,32.00%,N,3,04-06-2024
77,21,12000,OWN,0,PERSONAL,4200,13.48,1,35.00%,Y,4,09-10-2024
78,22,12000,OWN,6,DEBTCONSOLIDATION,4750,7.14,1,40.00%,N,2,22-12-2025
79,24,83004,RENT,0,VENTURE,28000,15.99,1,34.00%,Y,4,15-08-2024
80,24,250000,RENT,2,EDUCATION,18000,12.98,0,7.00%,Y,3,27-01-2024
81,144,250000,RENT,4,VENTURE,4800,13.57,0,2.00%,N,3,23-02-2024
82,25,100000,RENT,5,DEBTCONSOLIDATION,28000,12.69,0,28.00%,N,3,16-10-2023
83,26,110000,RENT,10,EDUCATION,28000,8.9,0,25.00%,N,2,14-01-2024
84,26,12000,OWN,0,DEBTCONSOLIDATION,2700,,1,23.00%,N,4,19-08-2023
85,22,108000,RENT,6,EDUCATION,28000,,1,26.00%,N,4,14-10-2025
86,23,151200,RENT,7,DEBTCONSOLIDATION,28000,11.11,0,19.00%,N,2,10-02-2023
87,24,69000,RENT,2,HOMEIMPROVEMENT,27600,,1,40.00%,N,2,17-11-2025
88,21,12000,MORTGAGE,5,DEBTCONSOLIDATION,3250,15.68,1,27.00%,Y,3,15-05-2023
89,22,70000,RENT,4,EDUCATION,27500,13.06,1,39.00%,Y,3,20-07-2023
90,22,240000,OWN,6,PERSONAL,25000,,0,10.00%,N,2,18-02-2025
91,26,73200,RENT,5,VENTURE,27050,15.62,1,37.00%,Y,2,18-07-2025
92,24,83000,RENT,5,PERSONAL,27000,13.49,1,33.00%,Y,2,22-11-2025
93,24,73399,RENT,0,VENTURE,27000,,1,37.00%,N,3,07-12-2025
94,23,62500,RENT,7,MEDICAL,26000,11.71,1,42.00%,N,2,17-05-2024
95,23,120000,RENT,1,EDUCATION,25600,12.69,0,21.00%,N,3,11-02-2024
96,24,12360,OWN,2,MEDICAL,1600,13.57,0,13.00%,N,3,15-03-2025
97,22,60000,RENT,0,VENTURE,25475,10.99,1,42.00%,N,3,09-04-2023
98,25,234000,MORTGAGE,3,MEDICAL,20000,14.27,0,9.00%,Y,4,14-11-2024
99,24,234000,OWN,8,HOMEIMPROVEMENT,20000,8.88,0,9.00%,N,4,26-12-2024
100,26,234000,MORTGAGE,10,HOMEIMPROVEMENT,21600,12.18,0,9.00%,N,3,18-08-2025
101,25,221004,MORTGAGE,6,DEBTCONSOLIDATION,11900,14.42,1,5.00%,Y,3,04-09-2024
102,26,232500,MORTGAGE,0,MEDICAL,25000,14.17,0,11.00%,Y,2,04-10-2024
103,25,230000,MORTGAGE,5,MEDICAL,35000,13.99,0,15.00%,N,4,25-10-2025
104,23,83000,RENT,7,EDUCATION,25300,10.99,1,30.00%,N,3,17-05-2024
105,22,12600,MORTGAGE,,PERSONAL,2000,5.42,1,16.00%,N,4,05-02-2025
106,25,12600,OWN,3,PERSONAL,1750,13.61,0,14.00%,N,3,02-02-2024
107,21,42500,RENT,3,EDUCATION,25000,12.73,1,59.00%,Y,3,20-05-2025
108,24,41000,RENT,2,HOMEIMPROVEMENT,25000,,1,61.00%,N,3,05-03-2025
109,25,12816,OWN,0,DEBTCONSOLIDATION,3000,12.87,1,23.00%,Y,4,28-01-2024
110,24,12960,MORTGAGE,1,HOMEIMPROVEMENT,3650,9.91,1,28.00%,N,3,26-07-2023
111,26,226000,MORTGAGE,4,HOMEIMPROVEMENT,20000,11.49,0,9.00%,N,4,04-11-2025
112,25,225000,MORTGAGE,0,HOMEIMPROVEMENT,30000,19.91,0,13.00%,Y,2,10-06-2025
113,26,213000,MORTGAGE,6,EDUCATION,35000,10.65,1,16.00%,N,2,13-05-2025
114,24,225000,RENT,0,MEDICAL,6000,,0,3.00%,N,4,12-01-2025
115,24,12960,MORTGAGE,0,DEBTCONSOLIDATION,4500,11.83,1,35.00%,N,4,17-07-2024
116,23,12996,OWN,0,DEBTCONSOLIDATION,2400,13.49,1,18.00%,Y,2,17-10-2025
117,22,42000,RENT,6,MEDICAL,25000,14.59,1,60.00%,Y,2,06-04-2023
118,26,48000,RENT,2,EDUCATION,25000,9.64,1,52.00%,N,4,29-04-2024
119,25,12996,OWN,1,MEDICAL,3600,14.59,1,28.00%,N,3,19-08-2023
120,22,12996,OWN,1,EDUCATION,4750,,1,37.00%,N,3,18-01-2025
121,25,42360,RENT,1,EDUCATION,25000,16.35,1,59.00%,Y,3,24-06-2024
122,21,49000,RENT,4,EDUCATION,25000,10.99,1,51.00%,N,2,25-11-2025
123,25,225000,MORTGAGE,0,VENTURE,25000,18.67,0,11.00%,N,2,08-06-2024
124,26,225000,RENT,1,EDUCATION,3000,9.32,0,1.00%,N,4,31-07-2024
125,23,225000,RENT,8,DEBTCONSOLIDATION,7500,8.63,0,3.00%,N,2,12-11-2024
126,26,225000,MORTGAGE,2,VENTURE,25000,10.08,0,11.00%,N,2,10-07-2024
127,22,49464,RENT,5,PERSONAL,25000,11.83,1,51.00%,N,3,09-10-2025
128,23,50000,RENT,1,DEBTCONSOLIDATION,25000,7.9,1,50.00%,N,3,07-10-2024
129,25,50000,RENT,4,HOMEIMPROVEMENT,25000,5.99,1,50.00%,N,2,06-03-2025
130,24,44000,RENT,2,DEBTCONSOLIDATION,25000,15.33,1,57.00%,N,2,17-11-2025
131,23,50000,RENT,1,VENTURE,25000,11.83,1,50.00%,N,4,09-07-2023
132,22,50004,RENT,0,VENTURE,25000,10.36,1,50.00%,N,2,24-09-2024
133,22,50004,RENT,3,VENTURE,25000,12.23,1,50.00%,N,3,19-09-2024
134,22,52000,RENT,2,EDUCATION,25000,11.11,1,48.00%,N,4,30-08-2025
135,23,13200,OWN,3,DEBTCONSOLIDATION,4950,7.9,1,38.00%,N,4,10-12-2024
136,24,220000,MORTGAGE,1,EDUCATION,25000,11.58,0,11.00%,N,2,10-10-2024
137,23,216000,MORTGAGE,5,DEBTCONSOLIDATION,21000,8.9,0,10.00%,N,3,14-11-2023
138,25,216000,MORTGAGE,2,EDUCATION,25000,16.07,0,12.00%,N,3,14-11-2024
139,26,216000,MORTGAGE,10,EDUCATION,20000,14.22,0,9.00%,Y,2,25-10-2024
140,23,215000,MORTGAGE,7,MEDICAL,35000,14.79,0,16.00%,Y,3,17-03-2024
141,26,215000,MORTGAGE,11,EDUCATION,12000,7.88,0,6.00%,N,2,17-07-2024
142,23,52000,RENT,1,PERSONAL,25000,13.22,1,48.00%,N,2,09-08-2025
143,26,46000,RENT,2,DEBTCONSOLIDATION,25000,11.86,1,54.00%,N,4,29-11-2024
144,22,53000,RENT,5,EDUCATION,25000,13.43,1,47.00%,Y,4,23-04-2023
145,26,47000,RENT,0,HOMEIMPROVEMENT,25000,15.28,1,53.00%,Y,2,02-01-2023
146,23,47000,RENT,1,VENTURE,25000,17.93,1,53.00%,N,2,03-10-2024
147,23,13200,MORTGAGE,2,EDUCATION,1400,9.25,0,11.00%,N,4,08-08-2023
148,21,13200,OWN,0,VENTURE,4500,12.98,1,34.00%,N,4,04-05-2025
149,22,210000,MORTGAGE,6,VENTURE,16000,10.62,0,8.00%,N,4,20-01-2024
150,26,210000,OWN,10,PERSONAL,22000,11.83,0,10.00%,N,4,12-12-2025
151,26,48000,RENT,5,VENTURE,25000,18.43,1,52.00%,N,2,30-12-2024
152,22,54996,RENT,6,EDUCATION,25000,,1,45.00%,N,4,04-09-2023
153,24,55000,RENT,4,HOMEIMPROVEMENT,25000,,1,45.00%,Y,4,15-04-2025
154,23,55000,RENT,4,EDUCATION,25000,11.36,1,45.00%,N,3,22-07-2023
155,23,55000,RENT,4,EDUCATION,25000,15.65,1,45.00%,Y,3,03-05-2023
156,24,55164,RENT,8,PERSONAL,25000,13.22,1,45.00%,Y,4,05-02-2024
157,26,56000,RENT,4,DEBTCONSOLIDATION,25000,12.87,1,45.00%,N,2,05-02-2025
158,24,203500,OWN,8,MEDICAL,20000,13.04,0,10.00%,N,3,21-10-2023
159,23,190000,MORTGAGE,5,EDUCATION,22000,17.58,1,12.00%,Y,3,07-10-2023
160,23,13920,OWN,2,PERSONAL,7750,17.04,1,56.00%,N,4,02-06-2025
161,24,60000,RENT,0,PERSONAL,25000,10.99,1,42.00%,N,3,17-07-2023
162,24,60000,RENT,2,PERSONAL,25000,11.11,1,42.00%,N,3,08-09-2025
163,26,54000,RENT,7,DEBTCONSOLIDATION,25000,14.83,1,46.00%,Y,2,21-01-2025
164,23,14000,OWN,2,DEBTCONSOLIDATION,4000,,1,29.00%,N,3,24-05-2023
165,24,200000,RENT,8,MEDICAL,12000,12.69,0,6.00%,N,2,31-08-2024
166,24,200000,MORTGAGE,8,HOMEIMPROVEMENT,12000,13.49,0,6.00%,N,2,06-07-2023
167,21,200000,MORTGAGE,5,EDUCATION,16000,14.65,0,8.00%,N,4,08-04-2024
168,25,54000,RENT,3,HOMEIMPROVEMENT,25000,16.82,1,46.00%,N,4,21-10-2024
169,23,60000,RENT,3,PERSONAL,25000,12.73,1,42.00%,N,3,02-02-2025
170,23,60000,RENT,7,PERSONAL,25000,10.25,1,42.00%,N,4,12-08-2025
171,21,60000,RENT,6,EDUCATION,25000,10.99,1,42.00%,N,4,07-02-2024
172,25,61959,RENT,9,MEDICAL,25000,12.73,1,40.00%,N,2,27-05-2023
173,22,56400,RENT,2,HOMEIMPROVEMENT,25000,14.96,1,44.00%,Y,3,13-05-2025
174,23,200000,MORTGAGE,7,EDUCATION,28000,,0,14.00%,N,2,03-05-2024
175,21,200000,MORTGAGE,2,DEBTCONSOLIDATION,25000,13.99,0,13.00%,N,2,17-07-2025
176,24,200000,MORTGAGE,3,VENTURE,24000,7.49,0,12.00%,N,4,04-07-2024
177,26,200000,MORTGAGE,4,EDUCATION,15000,14.79,0,7.00%,N,3,04-12-2023
178,25,200000,MORTGAGE,2,DEBTCONSOLIDATION,15500,11.99,0,8.00%,N,2,21-05-2025
179,24,200000,RENT,8,EDUCATION,10000,8.49,0,5.00%,N,4,02-10-2024
180,24,66000,RENT,3,EDUCATION,25000,9.91,1,38.00%,N,2,17-04-2024
181,22,66000,RENT,6,EDUCATION,25000,13.06,1,38.00%,Y,3,31-05-2023
182,22,200000,MORTGAGE,6,DEBTCONSOLIDATION,9000,6.17,0,4.00%,N,4,20-09-2023
183,144,200000,MORTGAGE,4,EDUCATION,6000,11.86,0,3.00%,N,2,24-05-2023
184,25,200000,RENT,5,EDUCATION,18000,16.32,0,9.00%,N,3,12-12-2023
185,25,200000,MORTGAGE,2,VENTURE,12000,10.38,0,6.00%,N,2,15-09-2024
186,25,200000,MORTGAGE,9,PERSONAL,23050,14.35,0,12.00%,N,3,13-10-2025
187,24,200000,MORTGAGE,8,DEBTCONSOLIDATION,20000,,0,10.00%,N,3,30-05-2025
188,24,60000,RENT,2,DEBTCONSOLIDATION,25000,,1,42.00%,Y,2,02-01-2023
189,21,14400,OWN,0,HOMEIMPROVEMENT,3000,,1,21.00%,N,4,15-06-2025
190,26,66996,RENT,10,PERSONAL,25000,15.21,1,37.00%,Y,2,11-09-2023
191,23,67000,RENT,3,EDUCATION,25000,7.9,1,37.00%,N,4,28-03-2024
192,24,67000,RENT,2,VENTURE,25000,10.99,1,37.00%,N,3,26-11-2025
193,24,68000,RENT,5,PERSONAL,25000,14.09,1,37.00%,Y,3,11-10-2025
194,25,69000,RENT,9,PERSONAL,25000,17.49,1,36.00%,N,2,09-01-2023
195,25,200000,MORTGAGE,0,EDUCATION,12000,11.48,0,6.00%,N,3,26-03-2025
196,26,188000,MORTGAGE,10,VENTURE,20000,17.74,1,11.00%,N,2,27-07-2023
197,26,200000,MORTGAGE,4,PERSONAL,3000,13.92,0,1.00%,N,3,08-02-2024
198,25,69996,RENT,9,EDUCATION,25000,15.21,1,36.00%,N,3,01-06-2023
199,22,14400,OWN,2,MEDICAL,4000,10.99,1,28.00%,N,3,23-02-2023
200,24,70000,RENT,3,EDUCATION,25000,11.86,1,36.00%,N,4,19-09-2024
201,24,14400,OWN,5,PERSONAL,6000,7.49,1,42.00%,N,3,09-08-2024
202,24,56100,RENT,7,MEDICAL,25000,16.49,1,38.00%,N,4,14-04-2023
203,25,66000,RENT,9,VENTURE,25000,15.33,1,38.00%,Y,2,11-09-2023
204,26,66000,RENT,3,HOMEIMPROVEMENT,25000,11.58,1,38.00%,N,4,24-05-2024
205,25,14400,OWN,7,EDUCATION,5375,5.79,1,37.00%,N,2,09-04-2023
206,25,72612,RENT,9,MEDICAL,25000,13.11,1,34.00%,N,2,02-06-2023
207,23,74000,RENT,3,MEDICAL,25000,10.36,1,34.00%,N,3,02-07-2025
208,25,75000,RENT,9,DEBTCONSOLIDATION,25000,10.36,1,33.00%,N,2,27-05-2025
209,24,192000,RENT,0,MEDICAL,22000,,0,11.00%,Y,2,04-12-2023
210,21,192000,MORTGAGE,123,VENTURE,20000,6.54,0,10.00%,N,4,01-04-2025
211,25,191000,MORTGAGE,1,MEDICAL,10000,12.53,0,5.00%,N,4,14-08-2025
212,26,190300,MORTGAGE,5,PERSONAL,15000,,0,8.00%,N,3,10-06-2023
213,22,190000,MORTGAGE,3,VENTURE,10000,,0,5.00%,N,3,11-03-2025
214,24,75000,RENT,4,EDUCATION,25000,10.25,1,33.00%,N,4,02-02-2024
215,22,71000,RENT,1,EDUCATION,25000,15.95,1,35.00%,Y,4,26-03-2025
216,26,190000,MORTGAGE,3,VENTURE,20000,12.18,0,11.00%,N,4,05-02-2024
217,23,189996,OWN,0,PERSONAL,24000,11.83,0,13.00%,N,3,01-10-2024
218,23,78000,RENT,7,DEBTCONSOLIDATION,25000,,1,32.00%,Y,2,22-11-2025
219,23,78000,RENT,1,VENTURE,25000,10.62,1,32.00%,N,3,18-11-2024
220,23,78504,RENT,7,VENTURE,25000,10.74,1,32.00%,N,3,04-04-2024
221,25,186000,OWN,9,VENTURE,10000,10.25,0,5.00%,N,4,12-08-2025
222,24,185000,MORTGAGE,,EDUCATION,35000,12.42,0,19.00%,N,2,14-04-2024
223,25,185000,RENT,6,VENTURE,15000,15.27,0,8.00%,N,2,11-11-2025
224,24,62050,RENT,8,MEDICAL,25000,15.33,1,34.00%,Y,2,19-01-2025
225,23,79416,RENT,7,VENTURE,25000,15.21,1,31.00%,Y,2,07-02-2023
226,21,14400,OWN,4,VENTURE,6250,14.72,1,43.00%,N,2,18-08-2023
227,24,79631,RENT,8,PERSONAL,25000,15.7,1,31.00%,Y,2,16-07-2024
228,24,79632,RENT,0,EDUCATION,25000,13.35,1,31.00%,N,4,13-03-2024
229,21,14400,MORTGAGE,0,MEDICAL,1500,,0,10.00%,N,4,27-01-2023
230,24,80000,RENT,6,EDUCATION,25000,6.62,1,31.00%,N,2,14-08-2023
231,26,80000,RENT,5,DEBTCONSOLIDATION,25000,13.61,1,31.00%,N,4,08-03-2025
232,22,185000,RENT,4,MEDICAL,25000,11.36,0,14.00%,N,2,11-10-2023
233,26,185000,OWN,10,PERSONAL,5000,7.68,0,3.00%,N,2,28-05-2025
234,24,184992,RENT,7,HOMEIMPROVEMENT,22000,14.46,0,12.00%,Y,4,17-08-2025
235,23,184000,OWN,5,EDUCATION,2500,11.83,0,1.00%,N,2,28-03-2024
236,24,172000,MORTGAGE,6,DEBTCONSOLIDATION,20000,13.47,1,12.00%,Y,4,16-10-2025
237,24,183000,MORTGAGE,2,MEDICAL,20000,11.49,0,11.00%,N,3,26-03-2025
238,22,183000,MORTGAGE,3,EDUCATION,1000,,0,1.00%,N,2,20-10-2024
239,25,182952,MORTGAGE,9,PERSONAL,15000,6.03,0,8.00%,N,3,30-06-2024
240,23,74004,RENT,7,DEBTCONSOLIDATION,25000,16.35,1,34.00%,N,4,08-12-2025
241,26,74004,RENT,10,DEBTCONSOLIDATION,25000,,1,34.00%,Y,4,17-01-2023
242,25,81000,RENT,5,DEBTCONSOLIDATION,25000,7.29,1,31.00%,N,3,07-06-2023
243,23,81600,RENT,1,MEDICAL,25000,11.36,1,31.00%,N,3,21-04-2024
244,24,82000,RENT,8,VENTURE,25000,10.25,0,30.00%,N,2,05-12-2025
245,24,83000,RENT,5,EDUCATION,25000,11.12,0,30.00%,N,3,01-06-2024
246,24,83000,RENT,5,PERSONAL,25000,12.92,0,30.00%,Y,3,09-04-2023
247,24,180000,RENT,8,EDUCATION,18000,18.64,0,10.00%,Y,4,26-11-2025
248,23,180000,MORTGAGE,8,PERSONAL,28000,7.51,0,16.00%,N,3,07-10-2023
249,23,14400,OWN,2,HOMEIMPROVEMENT,4000,16.7,1,28.00%,N,2,11-05-2024
250,22,14400,OWN,0,PERSONAL,2100,11.14,0,15.00%,N,4,29-10-2023
251,22,84500,RENT,6,PERSONAL,25000,18.3,0,30.00%,N,4,30-06-2023
252,24,85000,RENT,5,MEDICAL,25000,10.62,0,29.00%,N,4,29-08-2024
253,24,180000,MORTGAGE,7,VENTURE,14000,11.99,0,8.00%,N,2,30-11-2024
254,26,180000,MORTGAGE,2,VENTURE,12000,9.63,0,7.00%,N,4,19-09-2025
255,25,142800,MORTGAGE,9,MEDICAL,10000,18.25,1,6.00%,N,4,10-07-2023
256,23,14664,MORTGAGE,0,DEBTCONSOLIDATION,6000,,1,41.00%,N,4,10-09-2023
257,24,87000,RENT,8,HOMEIMPROVEMENT,25000,14.84,0,29.00%,N,3,07-09-2025
258,24,75000,RENT,0,VENTURE,25000,14.7,1,33.00%,Y,3,16-07-2025
259,23,76000,RENT,7,DEBTCONSOLIDATION,25000,16.02,1,33.00%,N,4,08-05-2023
260,23,66215,RENT,1,MEDICAL,25000,15.37,1,32.00%,Y,2,18-01-2023
261,25,90000,RENT,9,MEDICAL,25000,10.99,0,28.00%,N,4,19-07-2024
262,21,15000,OWN,0,HOMEIMPROVEMENT,6200,7.9,1,41.00%,N,2,23-07-2024
263,26,180000,OWN,2,PERSONAL,25000,10.99,0,14.00%,N,4,16-11-2024
264,24,180000,OWN,8,EDUCATION,21000,11.48,0,12.00%,N,3,17-09-2024
265,25,180000,OWN,9,MEDICAL,20000,14.26,0,11.00%,Y,4,03-05-2025
266,26,180000,OWN,0,HOMEIMPROVEMENT,10000,8,0,6.00%,N,4,19-08-2025
267,25,180000,MORTGAGE,3,VENTURE,9950,11.26,0,6.00%,N,2,04-06-2023
268,23,15000,OWN,7,MEDICAL,4475,,1,30.00%,N,4,04-05-2024
269,23,78000,RENT,2,VENTURE,25000,16.32,1,32.00%,Y,3,23-02-2025
270,25,66300,RENT,3,MEDICAL,25000,17.93,1,32.00%,Y,4,03-09-2023
271,23,90000,RENT,0,DEBTCONSOLIDATION,25000,11.36,0,28.00%,N,3,28-11-2025
272,24,79000,RENT,9,DEBTCONSOLIDATION,25000,14.96,1,32.00%,Y,4,28-01-2025
273,24,91800,RENT,4,PERSONAL,25000,13.43,0,27.00%,Y,3,21-06-2024
274,25,92000,RENT,6,HOMEIMPROVEMENT,25000,12.69,0,27.00%,N,3,09-07-2025
275,24,92000,RENT,1,VENTURE,25000,12.73,0,27.00%,Y,4,12-02-2024
276,23,93600,RENT,3,VENTURE,25000,15.21,0,27.00%,N,4,08-06-2024
277,23,15000,MORTGAGE,1,MEDICAL,1750,12.68,0,12.00%,Y,3,07-04-2025
278,23,70550,RENT,3,MEDICAL,25000,19.04,1,30.00%,Y,4,21-06-2025
279,25,83800,RENT,2,DEBTCONSOLIDATION,25000,15.95,1,30.00%,Y,3,05-02-2023
280,26,175000,MORTGAGE,3,VENTURE,2600,8.9,0,1.00%,N,4,15-11-2024
281,25,175000,MORTGAGE,10,HOMEIMPROVEMENT,8000,7.9,0,5.00%,N,2,20-01-2023
282,22,175000,MORTGAGE,6,EDUCATION,18000,,0,10.00%,N,2,17-11-2023
283,23,175000,MORTGAGE,8,PERSONAL,21000,11.99,0,12.00%,N,3,26-05-2024
284,23,15000,OWN,4,DEBTCONSOLIDATION,4000,13.98,1,27.00%,N,4,04-02-2024
285,23,15000,OWN,4,VENTURE,4600,10.99,1,31.00%,N,2,15-10-2024
286,22,88000,RENT,6,DEBTCONSOLIDATION,25000,15.58,1,28.00%,Y,2,29-08-2025
287,25,74800,RENT,2,MEDICAL,25000,10.99,1,28.00%,N,2,15-04-2024
288,25,88000,RENT,0,VENTURE,25000,14.96,1,28.00%,N,4,13-04-2025
289,25,15000,OWN,2,HOMEIMPROVEMENT,1750,15.31,0,12.00%,Y,4,27-12-2024
290,26,88000,RENT,2,VENTURE,25000,15.65,1,28.00%,N,3,03-05-2025
291,25,100000,RENT,1,VENTURE,25000,9.33,0,25.00%,N,4,20-02-2023
292,23,15000,MORTGAGE,0,PERSONAL,3600,13.47,1,24.00%,N,4,28-07-2024
293,24,102400,RENT,8,PERSONAL,25000,10.36,0,24.00%,N,3,30-05-2023
294,24,92000,RENT,1,HOMEIMPROVEMENT,25000,16.77,1,27.00%,Y,4,10-11-2023
295,23,93000,RENT,0,DEBTCONSOLIDATION,25000,14.59,1,27.00%,Y,2,23-07-2024
296,22,175000,RENT,6,VENTURE,3500,11.91,0,2.00%,Y,2,01-11-2023
297,23,175000,MORTGAGE,3,EDUCATION,7200,8.38,0,4.00%,N,3,12-11-2024
298,25,174708,RENT,9,VENTURE,9000,10.59,0,5.00%,N,3,17-04-2025
299,25,174000,MORTGAGE,2,DEBTCONSOLIDATION,8800,14.27,0,5.00%,N,3,13-12-2025
300,26,174000,RENT,8,DEBTCONSOLIDATION,12000,12.53,0,7.00%,N,4,29-09-2025
301,25,162000,MORTGAGE,5,DEBTCONSOLIDATION,25000,16,1,15.00%,Y,3,19-03-2024
302,26,173467,MORTGAGE,10,VENTURE,10000,11.71,0,6.00%,N,4,04-09-2024
303,21,15000,OWN,0,HOMEIMPROVEMENT,3175,11.54,1,21.00%,Y,3,19-09-2025
304,25,96000,RENT,2,HOMEIMPROVEMENT,25000,15.68,1,26.00%,Y,4,21-09-2023
305,21,15120,MORTGAGE,0,EDUCATION,1500,10.59,0,10.00%,N,2,12-12-2025
306,24,97908,RENT,8,HOMEIMPROVEMENT,25000,12.61,1,26.00%,Y,2,30-09-2025
307,26,110000,RENT,3,PERSONAL,25000,,0,23.00%,Y,2,05-01-2023
308,23,15204,MORTGAGE,7,PERSONAL,2800,8.49,1,18.00%,N,3,12-02-2025
309,25,159600,RENT,0,PERSONAL,30000,17.27,1,19.00%,Y,4,26-05-2025
310,24,171500,RENT,6,DEBTCONSOLIDATION,18000,8.9,0,10.00%,N,4,18-09-2025
311,25,170004,MORTGAGE,3,MEDICAL,10000,11.11,0,6.00%,N,4,02-06-2025
312,24,158004,RENT,0,HOMEIMPROVEMENT,25000,14.59,1,16.00%,Y,2,16-02-2023
313,26,170000,RENT,0,VENTURE,13000,12.42,0,8.00%,N,3,16-05-2025
314,24,83300,RENT,0,MEDICAL,25000,,1,26.00%,N,2,02-04-2025
315,24,110000,RENT,7,HOMEIMPROVEMENT,25000,15.7,0,23.00%,Y,2,24-07-2025
316,22,15360,OWN,7,HOMEIMPROVEMENT,2500,12.53,1,16.00%,N,3,17-10-2024
317,25,134300,RENT,3,MEDICAL,5000,16.49,1,3.00%,N,2,26-09-2023
318,25,170000,MORTGAGE,2,EDUCATION,20000,7.49,0,12.00%,N,2,05-01-2024
319,22,100580,RENT,6,DEBTCONSOLIDATION,25000,14.96,1,25.00%,Y,2,27-09-2024
320,25,113000,RENT,7,MEDICAL,25000,12.73,0,22.00%,Y,4,18-10-2024
321,24,120000,RENT,8,EDUCATION,25000,10.65,0,21.00%,N,4,30-04-2023
322,25,120000,RENT,6,MEDICAL,25000,10.74,0,21.00%,N,2,10-04-2025
323,23,120000,RENT,7,EDUCATION,25000,9.99,0,21.00%,N,2,17-12-2025
324,24,91800,RENT,5,MEDICAL,25000,15.33,1,23.00%,Y,2,10-01-2025
325,21,15600,OWN,5,VENTURE,1000,7.29,0,6.00%,N,4,27-04-2023
326,26,108000,RENT,2,PERSONAL,25000,15.05,1,23.00%,N,3,01-03-2025
327,26,129996,RENT,6,PERSONAL,25000,10.75,0,19.00%,N,3,09-10-2025
328,23,130000,RENT,4,EDUCATION,25000,16.02,0,19.00%,Y,2,17-12-2025
329,23,130000,RENT,7,VENTURE,25000,11.49,0,19.00%,N,4,25-09-2024
330,25,170000,OWN,4,EDUCATION,20000,12.53,0,12.00%,N,4,27-05-2024
331,26,170000,MORTGAGE,0,VENTURE,12000,13.57,0,7.00%,Y,2,12-03-2025
332,22,169000,RENT,1,PERSONAL,14000,11.14,0,8.00%,N,3,13-07-2024
333,26,168750,RENT,10,MEDICAL,24250,12.87,0,14.00%,Y,3,02-05-2024
334,23,168600,RENT,3,EDUCATION,20000,11.58,0,12.00%,N,3,15-06-2025
335,24,168288,RENT,5,HOMEIMPROVEMENT,1800,11.12,0,1.00%,N,3,04-12-2024
336,25,168000,MORTGAGE,2,PERSONAL,35000,10.65,0,21.00%,N,2,03-08-2024
337,24,133300,RENT,6,DEBTCONSOLIDATION,25000,10.37,0,19.00%,N,2,28-02-2025
338,24,15600,OWN,5,HOMEIMPROVEMENT,3300,6.39,1,21.00%,N,4,10-05-2025
339,24,134000,RENT,8,PERSONAL,25000,16.07,0,19.00%,Y,3,04-09-2023
340,25,134000,RENT,7,MEDICAL,25000,10.62,0,19.00%,N,2,03-06-2023
341,25,15600,OWN,0,VENTURE,3200,18.09,1,21.00%,N,2,23-09-2025
342,25,135000,RENT,5,EDUCATION,25000,11.36,0,19.00%,N,4,27-11-2024
343,26,135660,RENT,10,DEBTCONSOLIDATION,25000,12.53,0,18.00%,N,4,28-12-2025
344,25,145000,RENT,0,EDUCATION,25000,9.99,0,17.00%,N,4,06-12-2025
345,23,150000,RENT,4,EDUCATION,25000,10.36,0,17.00%,N,3,05-10-2025
346,23,165000,MORTGAGE,3,EDUCATION,9600,5.99,0,6.00%,N,3,04-04-2023
347,22,153000,MORTGAGE,5,DEBTCONSOLIDATION,24000,15.62,1,16.00%,Y,2,15-08-2025
348,24,165000,MORTGAGE,5,PERSONAL,20000,10.37,0,12.00%,N,4,08-10-2025
349,25,165000,MORTGAGE,0,HOMEIMPROVEMENT,25000,19.74,0,15.00%,N,4,28-03-2024
350,21,165000,MORTGAGE,5,EDUCATION,20000,6.91,0,12.00%,N,4,30-06-2025
351,23,16000,OWN,7,MEDICAL,6000,7.9,1,38.00%,N,2,06-08-2023
352,23,16000,MORTGAGE,3,DEBTCONSOLIDATION,2275,13.06,0,14.00%,Y,4,18-04-2024
353,23,16000,OWN,7,PERSONAL,2000,6.39,0,13.00%,N,3,07-03-2024
354,23,148000,RENT,1,DEBTCONSOLIDATION,25000,14.93,1,17.00%,N,3,07-12-2023
355,23,16000,MORTGAGE,1,MEDICAL,5600,12.84,1,35.00%,N,4,04-07-2024
356,24,16020,OWN,3,VENTURE,3625,17.14,1,23.00%,Y,2,23-12-2023
357,22,16094,MORTGAGE,2,VENTURE,5500,7.14,1,34.00%,N,3,23-01-2023
358,25,175000,RENT,2,PERSONAL,25000,8.9,0,14.00%,N,2,05-06-2024
359,22,16200,OWN,6,PERSONAL,2000,12.42,0,12.00%,N,3,12-03-2025
360,24,185000,RENT,7,HOMEIMPROVEMENT,25000,12.68,0,14.00%,Y,2,31-01-2025
361,25,162000,RENT,9,PERSONAL,25000,11.03,0,15.00%,N,2,17-03-2024
362,26,161000,RENT,10,VENTURE,30000,7.9,0,19.00%,N,4,07-02-2025
363,22,160000,MORTGAGE,0,MEDICAL,35000,10.65,0,22.00%,N,4,12-10-2025
364,25,225000,RENT,5,VENTURE,25000,11.86,0,11.00%,N,4,30-05-2024
365,25,16400,OWN,1,PERSONAL,5000,8.94,1,30.00%,N,4,05-11-2025
366,23,16500,OWN,6,VENTURE,4375,9.63,1,27.00%,N,4,02-03-2025
367,25,49500,RENT,6,PERSONAL,24750,14.22,1,50.00%,N,3,02-12-2023
368,23,60000,RENT,4,DEBTCONSOLIDATION,24750,9.33,1,41.00%,N,3,15-09-2023
369,24,84200,RENT,8,MEDICAL,24500,13.85,0,29.00%,N,4,11-05-2024
370,22,16800,MORTGAGE,5,EDUCATION,2000,10.65,0,12.00%,N,2,14-06-2025
371,24,92000,RENT,8,MEDICAL,24500,11.46,0,27.00%,N,4,09-06-2023
372,23,160000,MORTGAGE,5,PERSONAL,35000,7.66,0,22.00%,N,2,01-05-2025
373,24,160000,MORTGAGE,9,VENTURE,12000,16.77,0,7.00%,N,4,20-11-2024
374,25,160000,MORTGAGE,1,PERSONAL,12000,9.63,0,7.00%,N,4,15-01-2024
375,26,160000,RENT,6,PERSONAL,25000,12.23,0,16.00%,Y,4,14-08-2025
376,25,125800,MORTGAGE,0,MEDICAL,10000,14.09,1,7.00%,N,4,21-11-2024
377,25,54000,RENT,2,PERSONAL,24250,13.98,1,45.00%,N,4,02-12-2025
378,23,62500,RENT,1,EDUCATION,24250,10.62,1,39.00%,N,4,12-10-2023
379,24,16800,MORTGAGE,,DEBTCONSOLIDATION,3900,,1,23.00%,N,3,01-02-2024
380,25,68400,RENT,9,PERSONAL,24250,17.56,1,35.00%,N,4,12-01-2023
381,26,56045,RENT,1,MEDICAL,24250,14.96,1,37.00%,N,2,13-05-2024
382,22,74000,RENT,7,DEBTCONSOLIDATION,24250,15.65,1,33.00%,Y,2,23-01-2025
383,24,65453,RENT,9,MEDICAL,24250,15.7,1,31.00%,N,2,04-02-2023
384,24,89908,RENT,1,VENTURE,24250,12.53,0,27.00%,N,3,27-12-2024
385,26,78000,RENT,0,HOMEIMPROVEMENT,24250,17.56,1,31.00%,Y,3,28-04-2025
386,23,100000,RENT,0,PERSONAL,24250,12.87,0,24.00%,Y,2,31-03-2023
387,23,103000,RENT,6,PERSONAL,24250,15.7,0,24.00%,N,2,14-02-2025
388,25,160000,MORTGAGE,2,EDUCATION,9000,,0,6.00%,N,3,27-08-2024
389,25,160000,OWN,5,VENTURE,15000,11.14,0,9.00%,N,4,27-08-2025
390,24,160000,MORTGAGE,3,VENTURE,20000,16,0,13.00%,N,3,18-10-2025
391,23,160000,MORTGAGE,2,EDUCATION,25000,15.65,0,16.00%,Y,2,22-02-2024
392,26,160000,MORTGAGE,0,DEBTCONSOLIDATION,13750,,0,9.00%,N,4,25-04-2023
393,21,160000,MORTGAGE,3,VENTURE,15250,15.31,0,10.00%,Y,4,08-09-2024
394,25,160000,MORTGAGE,3,VENTURE,20000,13.47,0,13.00%,Y,2,05-04-2025
395,22,16800,MORTGAGE,0,HOMEIMPROVEMENT,4750,13.85,1,28.00%,Y,2,17-02-2024
396,25,111996,RENT,9,PERSONAL,24250,,0,22.00%,N,3,29-12-2024
397,21,16800,MORTGAGE,0,VENTURE,6000,10.39,1,36.00%,N,4,17-10-2025
398,25,115200,RENT,0,HOMEIMPROVEMENT,24250,11.36,0,21.00%,N,2,30-01-2025
399,23,144000,RENT,0,EDUCATION,24250,11.83,0,17.00%,N,3,06-11-2024
400,23,287000,RENT,3,EDUCATION,24250,12.53,0,8.00%,N,3,01-04-2024
401,22,108000,RENT,1,HOMEIMPROVEMENT,24150,14.96,1,22.00%,Y,3,08-07-2025
402,22,43000,RENT,7,DEBTCONSOLIDATION,24000,13.85,1,56.00%,Y,3,11-07-2023
403,23,47004,RENT,1,VENTURE,24000,11.58,1,51.00%,N,4,08-01-2025
404,24,48000,RENT,4,VENTURE,24000,16.29,1,50.00%,Y,2,04-09-2025
405,26,48000,RENT,4,MEDICAL,24000,,1,50.00%,N,3,05-10-2025
406,21,44964,RENT,2,EDUCATION,24000,16.29,1,53.00%,Y,2,06-04-2023
407,25,52000,RENT,,PERSONAL,24000,10.74,1,46.00%,N,2,24-10-2024
408,22,17352,MORTGAGE,,EDUCATION,2250,15.27,0,13.00%,Y,3,06-02-2023
409,24,47000,RENT,3,PERSONAL,24000,17.8,1,51.00%,N,2,06-10-2023
410,22,17400,MORTGAGE,6,VENTURE,1000,11.36,0,6.00%,N,2,05-08-2023
411,22,49000,RENT,2,MEDICAL,24000,17.56,1,49.00%,N,4,16-05-2025
412,26,60000,RENT,0,PERSONAL,24000,7.9,1,40.00%,N,4,22-05-2025
413,25,60000,RENT,3,PERSONAL,24000,10.99,1,40.00%,N,4,03-03-2023
414,22,60000,RENT,0,PERSONAL,24000,7.29,1,40.00%,N,3,18-08-2024
415,21,60000,RENT,5,MEDICAL,24000,10.75,1,40.00%,N,2,29-12-2024
416,26,62004,RENT,9,DEBTCONSOLIDATION,24000,7.9,1,39.00%,N,3,01-02-2024
417,22,62400,RENT,3,EDUCATION,24000,14.84,1,38.00%,N,2,29-11-2024
418,26,65000,RENT,10,DEBTCONSOLIDATION,24000,,1,37.00%,N,2,08-11-2025
419,22,17760,MORTGAGE,6,EDUCATION,4975,,1,28.00%,Y,3,26-06-2023
420,23,59000,RENT,5,DEBTCONSOLIDATION,24000,19.69,1,41.00%,Y,2,31-01-2024
421,23,66000,RENT,6,VENTURE,24000,,1,36.00%,N,4,20-03-2024
422,24,60000,RENT,0,VENTURE,24000,14.96,1,40.00%,N,4,17-03-2023
423,25,66143,RENT,9,EDUCATION,24000,6.99,1,36.00%,N,3,22-09-2023
424,22,62250,RENT,3,PERSONAL,24000,16.45,1,39.00%,Y,4,30-03-2024
425,24,70000,RENT,8,EDUCATION,24000,10.99,1,34.00%,N,4,18-12-2024
426,23,74000,RENT,7,DEBTCONSOLIDATION,24000,10.99,1,32.00%,N,2,04-01-2025
427,22,18000,OWN,3,PERSONAL,3000,7.9,1,17.00%,N,4,30-04-2025
428,22,75000,RENT,6,EDUCATION,24000,12.69,1,32.00%,N,4,24-05-2023
429,24,75000,RENT,9,MEDICAL,24000,10.37,1,32.00%,N,3,03-06-2025
430,24,75000,RENT,7,HOMEIMPROVEMENT,24000,,1,32.00%,N,3,28-12-2025
431,26,69000,RENT,0,DEBTCONSOLIDATION,24000,15.83,1,35.00%,N,3,31-01-2024
432,23,78000,RENT,4,PERSONAL,24000,13.92,1,31.00%,N,3,14-11-2025
433,22,18000,OWN,,VENTURE,2000,11.49,0,11.00%,N,3,05-08-2025
434,24,80000,RENT,2,MEDICAL,24000,10.25,0,30.00%,N,2,09-06-2025
435,22,18000,OWN,1,HOMEIMPROVEMENT,3500,7.49,1,19.00%,N,4,22-07-2024
436,23,18000,OWN,3,EDUCATION,4000,5.99,1,22.00%,N,2,28-11-2025
437,23,74700,RENT,6,PERSONAL,24000,12.92,1,32.00%,N,2,19-04-2023
438,26,88596,RENT,3,PERSONAL,24000,11.58,0,27.00%,N,3,01-12-2025
439,25,95000,RENT,4,EDUCATION,24000,8.9,0,25.00%,N,2,23-07-2025
440,22,83000,RENT,6,DEBTCONSOLIDATION,24000,19.69,1,29.00%,N,3,02-02-2024
441,25,95000,RENT,9,VENTURE,24000,6.54,0,25.00%,N,4,25-09-2024
442,21,18000,OWN,3,HOMEIMPROVEMENT,4900,14.54,1,27.00%,Y,4,02-01-2025
443,21,18000,OWN,,EDUCATION,5000,11.11,1,28.00%,N,2,23-08-2023
444,26,100000,RENT,5,PERSONAL,24000,12.73,0,24.00%,N,4,19-10-2024
445,24,110000,RENT,7,VENTURE,24000,15.62,0,22.00%,N,4,20-01-2025
446,24,18000,OWN,0,HOMEIMPROVEMENT,6250,6.54,1,35.00%,N,4,10-08-2024
447,22,98000,RENT,7,DEBTCONSOLIDATION,24000,,1,24.00%,Y,2,29-10-2025
448,26,103872,RENT,6,DEBTCONSOLIDATION,24000,20.03,1,23.00%,N,4,11-08-2025
449,22,120000,RENT,4,EDUCATION,24000,9.91,0,20.00%,N,4,06-05-2024
450,24,120000,RENT,1,VENTURE,24000,12.69,0,20.00%,N,4,01-07-2025
451,26,108000,RENT,9,EDUCATION,24000,20.16,1,22.00%,N,3,19-06-2023
452,24,124080,RENT,4,PERSONAL,24000,16.49,0,19.00%,Y,4,03-08-2025
453,23,18000,MORTGAGE,1,MEDICAL,2500,15.95,1,14.00%,N,2,05-03-2025
454,24,130000,RENT,7,DEBTCONSOLIDATION,24000,11.49,0,18.00%,N,3,25-09-2024
455,25,135000,RENT,8,PERSONAL,24000,10.99,0,18.00%,N,2,29-01-2023
456,24,135000,RENT,4,HOMEIMPROVEMENT,24000,13.79,0,18.00%,N,2,05-12-2023
457,23,114750,RENT,2,MEDICAL,24000,20.03,1,18.00%,Y,3,14-05-2024
458,23,150000,RENT,0,EDUCATION,24000,7.49,0,16.00%,N,4,25-05-2024
459,23,138000,RENT,7,DEBTCONSOLIDATION,24000,16,1,17.00%,Y,2,05-08-2023
460,24,18000,OWN,6,PERSONAL,13000,7.88,1,72.00%,N,3,29-12-2025
461,21,18000,OWN,0,VENTURE,6250,10.62,1,35.00%,N,4,20-03-2024
462,26,155000,RENT,7,DEBTCONSOLIDATION,24000,10.99,0,15.00%,N,4,25-05-2025
463,26,148000,RENT,1,EDUCATION,24000,18.3,1,16.00%,N,2,16-06-2023
464,26,170000,RENT,3,DEBTCONSOLIDATION,24000,,0,14.00%,Y,2,01-04-2023
465,21,18000,OWN,1,PERSONAL,2500,11.36,0,14.00%,N,3,14-12-2024
466,24,43896,RENT,8,HOMEIMPROVEMENT,23975,,1,55.00%,N,2,08-02-2023
467,23,120000,RENT,4,MEDICAL,23750,13.47,0,20.00%,N,2,22-06-2023
468,24,54996,RENT,2,PERSONAL,23600,11.89,1,43.00%,N,3,14-10-2024
469,24,18000,MORTGAGE,0,DEBTCONSOLIDATION,10000,12.18,1,56.00%,N,2,23-01-2025
470,25,102000,RENT,9,DEBTCONSOLIDATION,23600,13.49,0,23.00%,N,4,17-12-2025
471,23,75000,RENT,3,PERSONAL,23575,14.5,1,31.00%,N,4,20-04-2024
472,22,18000,OWN,2,MEDICAL,4000,,1,22.00%,N,2,31-03-2024
473,22,18000,OWN,1,MEDICAL,5400,15.31,1,30.00%,Y,2,08-04-2025
474,25,18000,MORTGAGE,1,MEDICAL,4000,,1,22.00%,N,3,13-06-2025
475,21,18000,OWN,5,VENTURE,3375,,1,19.00%,N,2,21-10-2025
476,22,66960,RENT,1,VENTURE,23400,7.49,1,35.00%,N,2,22-01-2024
477,22,43385,RENT,7,PERSONAL,23000,,1,53.00%,N,3,14-12-2023
478,25,56544,RENT,3,EDUCATION,23000,,1,41.00%,N,2,09-07-2023
479,23,60000,RENT,2,VENTURE,23000,12.18,1,38.00%,N,4,19-05-2024
480,24,18000,MORTGAGE,3,VENTURE,1200,11.34,0,7.00%,Y,4,03-04-2025
481,25,63208,RENT,9,EDUCATION,23000,9.91,1,36.00%,N,3,17-07-2025
482,24,65000,RENT,0,HOMEIMPROVEMENT,23000,11.99,1,35.00%,N,4,22-07-2025
483,23,68000,RENT,7,EDUCATION,23000,9.62,1,34.00%,N,2,14-05-2023
484,22,18000,OWN,1,DEBTCONSOLIDATION,3000,9.96,1,17.00%,N,3,27-02-2023
485,25,80000,RENT,9,VENTURE,23000,,0,29.00%,N,2,15-11-2024
486,24,88000,RENT,1,VENTURE,23000,14.54,1,26.00%,N,2,02-11-2024
487,22,58600,RENT,5,MEDICAL,22750,11.36,1,39.00%,N,4,22-06-2023
488,23,70000,RENT,7,DEBTCONSOLIDATION,22500,14.27,1,32.00%,N,2,25-03-2025
489,24,18287,OWN,3,HOMEIMPROVEMENT,3000,11.99,1,16.00%,N,3,21-03-2023
490,26,69846,RENT,2,EDUCATION,22500,18.99,1,32.00%,Y,2,04-06-2025
491,24,73000,RENT,0,VENTURE,22400,16.7,1,31.00%,Y,4,22-07-2023
492,24,18500,MORTGAGE,8,PERSONAL,5000,9.32,1,27.00%,N,3,02-02-2025
493,23,35000,RENT,2,DEBTCONSOLIDATION,22250,12.69,1,64.00%,N,3,16-02-2023
494,25,43000,RENT,9,HOMEIMPROVEMENT,22000,13.11,1,51.00%,N,2,17-10-2024
495,25,52000,RENT,4,PERSONAL,22000,10.74,1,42.00%,N,2,15-04-2024
496,21,18701,MORTGAGE,0,PERSONAL,4200,14.11,1,22.00%,Y,4,28-08-2025
497,22,57000,RENT,6,EDUCATION,22000,9.63,1,39.00%,N,3,01-11-2025
498,25,58000,RENT,0,MEDICAL,22000,14.65,1,38.00%,N,2,05-01-2025
499,23,60000,RENT,6,DEBTCONSOLIDATION,22000,10.25,1,37.00%,N,4,22-02-2025
500,24,60000,RENT,3,VENTURE,22000,14.26,1,37.00%,Y,2,25-08-2025
501,25,18840,MORTGAGE,5,EDUCATION,3000,9.91,1,16.00%,N,2,24-12-2023
502,26,56000,RENT,7,MEDICAL,22000,17.19,1,39.00%,N,3,29-08-2025
503,22,70000,RENT,3,EDUCATION,22000,11.36,1,31.00%,N,4,29-10-2024
504,22,66000,RENT,1,EDUCATION,22000,,1,33.00%,N,2,08-01-2024
505,23,74064,RENT,3,DEBTCONSOLIDATION,22000,10.59,0,30.00%,N,3,28-10-2025
506,24,76597,RENT,5,EDUCATION,22000,9.25,0,29.00%,N,2,06-11-2024
507,22,19000,OWN,6,MEDICAL,3625,8.49,1,19.00%,N,3,31-03-2023
508,26,77000,RENT,0,VENTURE,22000,6.54,0,29.00%,N,3,28-11-2024
509,21,19000,OWN,5,MEDICAL,6000,8.49,1,32.00%,N,3,23-06-2024
510,24,80000,RENT,0,MEDICAL,22000,,0,28.00%,N,4,01-01-2025
511,26,82600,RENT,10,VENTURE,22000,12.69,0,27.00%,N,2,18-05-2025
512,24,19000,OWN,3,MEDICAL,7400,13.85,1,39.00%,N,2,10-02-2023
513,25,19000,OWN,3,DEBTCONSOLIDATION,4000,7.4,1,21.00%,N,3,09-01-2025
514,23,84000,RENT,3,DEBTCONSOLIDATION,22000,11.71,0,26.00%,N,4,16-05-2024
515,25,77650,RENT,8,PERSONAL,22000,11.48,1,28.00%,N,3,16-08-2025
516,25,82000,RENT,1,EDUCATION,22000,17.51,1,27.00%,N,2,17-07-2025
517,21,19012,MORTGAGE,0,DEBTCONSOLIDATION,3500,14.61,1,18.00%,N,3,05-04-2024
518,23,99996,RENT,3,DEBTCONSOLIDATION,22000,7.88,0,22.00%,N,4,01-01-2025
519,23,110000,RENT,0,PERSONAL,22000,,0,20.00%,N,3,21-01-2025
520,22,19200,MORTGAGE,6,PERSONAL,4950,11.71,1,26.00%,N,2,13-07-2025
521,25,57000,RENT,4,PERSONAL,21700,11.99,1,38.00%,N,2,27-06-2025
522,24,54000,RENT,5,VENTURE,21600,13.49,1,40.00%,N,2,25-01-2024
523,23,56000,RENT,8,MEDICAL,21600,21.21,1,39.00%,Y,4,01-06-2025
524,26,63000,RENT,2,DEBTCONSOLIDATION,21600,14.35,1,34.00%,Y,3,13-09-2023
525,22,82000,RENT,3,PERSONAL,21600,13.61,0,26.00%,Y,3,09-12-2024
526,22,78000,RENT,6,DEBTCONSOLIDATION,21600,11.26,1,28.00%,N,3,25-03-2024
527,22,19200,OWN,0,VENTURE,2400,10.59,0,13.00%,N,3,10-01-2023
528,24,112140,RENT,8,MEDICAL,21600,7.9,0,19.00%,N,2,03-04-2025
529,24,19200,MORTGAGE,,HOMEIMPROVEMENT,7000,5.99,1,36.00%,N,4,08-03-2025
530,25,19200,OWN,4,EDUCATION,3000,11.99,1,16.00%,N,4,26-05-2025
531,24,59000,RENT,5,MEDICAL,21500,16.89,1,36.00%,N,3,25-10-2025
532,24,70000,RENT,5,HOMEIMPROVEMENT,21500,9.99,1,31.00%,N,3,12-10-2025
533,24,116000,RENT,5,EDUCATION,21500,15.33,0,19.00%,Y,3,09-01-2024
534,25,60000,RENT,5,EDUCATION,21450,7.29,1,36.00%,N,4,24-12-2025
535,22,31000,RENT,5,DEBTCONSOLIDATION,21250,12.42,1,69.00%,N,3,26-05-2023
536,25,47052,RENT,5,VENTURE,21250,10.99,1,45.00%,N,2,12-08-2023
537,25,51060,RENT,9,VENTURE,21250,6.91,1,42.00%,N,2,26-06-2023
538,22,19200,MORTGAGE,6,DEBTCONSOLIDATION,5000,14.17,1,26.00%,Y,2,02-05-2025
539,22,53000,RENT,3,MEDICAL,21250,10.25,1,40.00%,N,3,04-03-2023
540,26,19200,OWN,0,EDUCATION,9250,,1,48.00%,N,2,06-04-2025
541,24,56000,RENT,8,VENTURE,21250,15.95,1,38.00%,Y,3,05-03-2025
542,24,65000,RENT,4,EDUCATION,21250,15.95,1,33.00%,Y,4,19-11-2024
543,21,35000,RENT,3,VENTURE,21000,12.53,1,60.00%,N,4,15-04-2023
544,22,19200,MORTGAGE,6,HOMEIMPROVEMENT,1400,14.91,1,7.00%,Y,4,25-05-2024
545,23,19200,MORTGAGE,7,MEDICAL,3000,,1,16.00%,N,4,20-01-2024
546,26,40000,RENT,3,MEDICAL,21000,6.54,1,53.00%,N,4,09-02-2024
547,25,19200,OWN,2,VENTURE,1000,,0,5.00%,N,3,02-04-2025
548,26,42000,RENT,0,MEDICAL,21000,17.26,1,50.00%,Y,4,01-06-2024
549,23,63000,RENT,2,MEDICAL,21000,11.36,1,33.00%,N,2,20-04-2024
550,26,19200,MORTGAGE,5,VENTURE,4000,7.51,1,21.00%,N,4,09-12-2024
551,22,59000,RENT,2,PERSONAL,21000,10.71,1,36.00%,N,3,09-02-2025
552,22,70500,RENT,3,PERSONAL,21000,13.98,0,30.00%,Y,4,12-11-2025
553,26,65219,RENT,11,DEBTCONSOLIDATION,21000,14.09,1,32.00%,N,3,23-09-2025
554,22,75000,RENT,2,EDUCATION,21000,10,0,28.00%,N,3,07-11-2024
555,22,19200,MORTGAGE,3,MEDICAL,5000,15.33,1,26.00%,N,3,14-12-2024
556,25,62047,RENT,9,MEDICAL,21000,16.32,1,29.00%,Y,4,24-03-2023
557,24,79000,RENT,8,HOMEIMPROVEMENT,21000,7.9,0,27.00%,N,2,01-04-2024
558,23,80000,RENT,3,MEDICAL,21000,11.99,0,26.00%,N,3,01-01-2023
559,24,84000,RENT,8,MEDICAL,21000,10.75,0,25.00%,N,4,20-02-2023
560,26,85000,RENT,3,HOMEIMPROVEMENT,21000,13.92,0,25.00%,N,3,15-11-2024
561,22,93000,RENT,1,EDUCATION,21000,9.91,0,23.00%,N,3,17-12-2024
562,26,81000,RENT,10,EDUCATION,21000,16.95,1,26.00%,Y,3,24-03-2024
563,26,97000,RENT,1,EDUCATION,21000,7.9,0,22.00%,N,3,30-05-2025
564,26,97000,RENT,3,EDUCATION,21000,,0,22.00%,Y,3,02-05-2024
565,25,100000,RENT,2,PERSONAL,21000,16.49,1,21.00%,Y,3,03-02-2023
566,26,19200,OTHER,0,PERSONAL,7500,11.97,1,39.00%,Y,2,05-04-2023
567,21,19253,MORTGAGE,,DEBTCONSOLIDATION,6250,6.17,1,32.00%,N,3,31-12-2025
568,26,125000,RENT,5,HOMEIMPROVEMENT,21000,8.9,0,17.00%,N,2,03-06-2023
569,25,125000,RENT,9,EDUCATION,21000,12.99,0,17.00%,Y,3,07-09-2023
570,23,82000,RENT,2,PERSONAL,20900,12.69,0,25.00%,N,2,04-11-2024
571,21,19500,MORTGAGE,0,EDUCATION,15000,9.64,1,77.00%,N,2,13-03-2024
572,26,50000,RENT,7,VENTURE,20500,7.49,1,41.00%,N,3,28-04-2023
573,23,70000,RENT,2,EDUCATION,20500,13.16,0,29.00%,Y,3,09-02-2025
574,22,19800,OWN,1,EDUCATION,2100,8.38,0,11.00%,N,4,25-09-2023
575,123,80004,RENT,2,EDUCATION,20400,10.25,0,25.00%,N,3,13-12-2025
576,23,54000,RENT,7,PERSONAL,20375,7.49,1,38.00%,N,2,24-08-2023
577,26,26000,RENT,10,EDUCATION,20050,9.76,1,77.00%,N,2,24-01-2024
578,24,33000,RENT,1,DEBTCONSOLIDATION,20000,10.99,1,61.00%,N,3,16-09-2025
579,23,20000,OWN,0,PERSONAL,5000,11.71,0,25.00%,N,4,01-02-2025
580,22,20000,OWN,6,PERSONAL,9250,10.65,0,46.00%,N,4,05-02-2024
581,24,35364,RENT,1,MEDICAL,20000,12.53,1,57.00%,N,4,15-09-2024
582,25,38000,RENT,4,MEDICAL,20000,14.59,1,53.00%,N,4,05-02-2025
583,23,32000,RENT,3,DEBTCONSOLIDATION,20000,12.61,1,63.00%,N,4,07-07-2025
584,25,38004,RENT,6,MEDICAL,20000,13.11,1,53.00%,N,2,02-05-2025
585,23,20000,MORTGAGE,2,MEDICAL,6400,10.65,0,32.00%,N,4,31-07-2024
586,25,38556,RENT,9,PERSONAL,20000,11.22,1,52.00%,Y,4,16-03-2023
587,23,32900,RENT,1,EDUCATION,20000,16,1,61.00%,N,2,10-03-2024
588,25,34000,RENT,10,HOMEIMPROVEMENT,20000,8.88,1,59.00%,N,4,13-04-2023
589,24,40000,RENT,4,PERSONAL,20000,12.53,1,50.00%,N,3,02-02-2025
590,21,36000,RENT,5,MEDICAL,20000,,1,56.00%,Y,2,07-01-2025
591,26,20000,MORTGAGE,5,MEDICAL,4800,5.99,0,24.00%,N,3,16-03-2025
592,25,42000,RENT,2,EDUCATION,20000,13.47,1,48.00%,N,4,08-04-2023
593,22,42224,RENT,7,VENTURE,20000,6.99,1,47.00%,N,4,08-03-2025
594,25,20000,OWN,0,PERSONAL,5650,15.99,0,28.00%,Y,2,08-05-2025
595,23,20000,MORTGAGE,7,EDUCATION,3625,,0,18.00%,Y,3,10-03-2024
596,22,37212,RENT,6,DEBTCONSOLIDATION,20000,16.69,1,54.00%,N,3,22-03-2024
597,25,38000,RENT,9,MEDICAL,20000,11.11,1,53.00%,N,4,06-09-2023
598,22,45000,RENT,0,EDUCATION,20000,7.9,1,44.00%,N,4,15-06-2023
599,23,45000,RENT,4,PERSONAL,20000,10.25,1,44.00%,N,2,10-09-2025
600,24,45000,RENT,8,MEDICAL,20000,,1,44.00%,N,2,16-10-2025
601,23,20000,OWN,7,MEDICAL,1200,7.49,0,6.00%,N,3,25-06-2024
602,22,45000,RENT,1,DEBTCONSOLIDATION,20000,13.92,1,44.00%,Y,3,28-01-2025
603,24,39000,RENT,5,MEDICAL,20000,14.74,1,51.00%,N,2,22-03-2023
604,24,46500,RENT,5,EDUCATION,20000,10.62,1,43.00%,N,2,13-05-2023
605,22,48000,RENT,7,VENTURE,20000,10.65,1,42.00%,N,3,07-03-2025
606,22,42000,RENT,1,PERSONAL,20000,12.99,1,48.00%,N,3,18-06-2025
607,22,48500,RENT,1,VENTURE,20000,11.36,1,41.00%,N,4,18-05-2023
608,22,20000,OWN,3,EDUCATION,7500,5.79,0,38.00%,N,4,03-07-2023
609,23,49400,RENT,0,EDUCATION,20000,6.54,1,40.00%,N,4,23-02-2025
610,25,20000,MORTGAGE,1,VENTURE,4000,5.79,0,20.00%,N,2,10-09-2025
611,25,50000,RENT,10,DEBTCONSOLIDATION,20000,7.49,1,40.00%,N,3,10-03-2023
612,25,50000,RENT,9,EDUCATION,20000,13.43,1,40.00%,N,2,29-06-2024
613,22,50000,RENT,6,DEBTCONSOLIDATION,20000,13.22,1,40.00%,N,2,22-02-2023
614,22,20000,OWN,1,VENTURE,5000,14.72,0,25.00%,N,3,24-07-2023
615,22,44000,RENT,2,EDUCATION,20000,15.68,1,45.00%,N,4,06-05-2023
616,24,50866,RENT,6,MEDICAL,20000,,1,39.00%,N,3,12-02-2023
617,25,50950,RENT,5,HOMEIMPROVEMENT,20000,11.48,1,39.00%,N,3,21-04-2023
618,24,51000,RENT,8,VENTURE,20000,10.38,1,39.00%,N,3,30-01-2025
619,22,51000,RENT,5,EDUCATION,20000,12.53,1,39.00%,N,3,27-04-2025
620,22,51000,RENT,0,EDUCATION,20000,13.47,1,39.00%,N,2,05-04-2023
621,24,51500,RENT,6,VENTURE,20000,12.21,1,39.00%,N,4,18-06-2025
622,25,51996,RENT,9,VENTURE,20000,10.99,1,38.00%,N,3,26-12-2023
623,25,52000,RENT,1,EDUCATION,20000,11.36,1,38.00%,N,4,18-06-2025
624,22,46000,RENT,2,DEBTCONSOLIDATION,20000,16,1,43.00%,Y,4,08-10-2023
625,26,20000,MORTGAGE,1,PERSONAL,1500,7.74,0,7.00%,N,3,28-10-2024
626,24,52000,RENT,8,EDUCATION,20000,15.65,1,38.00%,Y,2,03-04-2023
627,25,46000,RENT,9,DEBTCONSOLIDATION,20000,11.78,1,43.00%,Y,2,02-11-2024
628,24,52559,RENT,9,HOMEIMPROVEMENT,20000,,1,38.00%,N,3,02-03-2023
629,22,47000,RENT,5,MEDICAL,20000,16.77,1,43.00%,N,3,25-09-2024
630,22,54000,RENT,2,EDUCATION,20000,9.91,1,37.00%,N,4,10-12-2025
631,23,48000,RENT,7,MEDICAL,20000,15.65,1,42.00%,N,4,25-10-2025
632,23,48000,RENT,0,MEDICAL,20000,14.96,1,42.00%,N,3,26-08-2024
633,23,54000,RENT,1,VENTURE,20000,11.83,1,37.00%,N,4,12-11-2024
634,24,48912,RENT,0,MEDICAL,20000,11.66,1,41.00%,N,4,17-06-2024
635,26,54996,RENT,8,EDUCATION,20000,12.18,1,36.00%,N,4,17-04-2025
636,24,55000,RENT,8,HOMEIMPROVEMENT,20000,6.91,1,36.00%,N,2,06-10-2024
637,25,55000,RENT,3,DEBTCONSOLIDATION,20000,6.91,1,36.00%,N,3,21-08-2023
638,26,49000,RENT,0,HOMEIMPROVEMENT,20000,19.79,1,41.00%,N,3,07-06-2024
639,25,55000,RENT,0,VENTURE,20000,9.88,1,36.00%,N,4,12-12-2023
640,22,20000,MORTGAGE,0,PERSONAL,16600,9.76,0,83.00%,N,3,05-12-2025
641,23,55000,RENT,5,DEBTCONSOLIDATION,20000,12.53,1,36.00%,N,2,29-06-2024
642,25,55200,RENT,7,VENTURE,20000,,1,36.00%,N,4,04-03-2025
643,23,20004,MORTGAGE,6,PERSONAL,7125,6.99,0,36.00%,N,2,06-09-2023
644,23,57000,RENT,3,EDUCATION,20000,16.89,1,35.00%,N,2,16-02-2023
645,22,51012,RENT,1,PERSONAL,20000,17.49,1,39.00%,Y,4,02-08-2023
646,23,20004,MORTGAGE,2,EDUCATION,2500,16.82,0,12.00%,Y,2,27-08-2023
647,26,20004,MORTGAGE,4,HOMEIMPROVEMENT,3600,,0,18.00%,N,2,15-12-2025
648,22,58000,RENT,0,DEBTCONSOLIDATION,20000,13.11,1,34.00%,N,2,16-12-2023
649,23,58800,RENT,7,DEBTCONSOLIDATION,20000,7.66,1,34.00%,N,3,17-04-2023
650,26,59000,RENT,10,MEDICAL,20000,6.17,1,34.00%,N,3,10-04-2025
651,26,53000,RENT,1,PERSONAL,20000,16.35,1,38.00%,Y,4,17-02-2023
652,23,60000,RENT,7,MEDICAL,20000,7.9,1,33.00%,N,2,03-12-2023
653,24,54000,RENT,2,VENTURE,20000,16.49,1,37.00%,N,2,15-11-2025
654,21,20245,OWN,5,VENTURE,3550,,0,18.00%,N,4,14-03-2025
655,26,20280,MORTGAGE,5,HOMEIMPROVEMENT,7000,8,0,35.00%,N,2,08-01-2023
656,24,60000,RENT,0,PERSONAL,20000,10.99,1,33.00%,N,2,16-09-2024
657,24,20352,OWN,3,VENTURE,7750,6.91,0,38.00%,N,3,19-12-2024
658,25,54000,RENT,6,PERSONAL,20000,8.88,1,37.00%,N,3,30-10-2023
659,24,60000,RENT,8,VENTURE,20000,,1,33.00%,N,4,30-09-2024
660,23,54000,RENT,6,DEBTCONSOLIDATION,20000,14.84,1,37.00%,Y,3,25-02-2023
661,23,54000,RENT,2,PERSONAL,20000,11.12,1,37.00%,N,2,26-12-2024
662,22,60000,RENT,4,EDUCATION,20000,7.88,1,33.00%,N,3,09-06-2024
663,25,60000,RENT,2,EDUCATION,20000,,1,33.00%,N,2,18-04-2024
664,22,20400,MORTGAGE,6,EDUCATION,6000,15.99,0,29.00%,Y,4,28-01-2023
665,24,20400,MORTGAGE,5,DEBTCONSOLIDATION,5500,10.99,0,27.00%,N,4,19-03-2023
666,25,60000,RENT,9,EDUCATION,20000,,1,33.00%,N,3,31-12-2023
667,25,54000,RENT,1,PERSONAL,20000,15.65,1,37.00%,Y,3,27-10-2024
668,24,54000,RENT,1,PERSONAL,20000,17.04,1,37.00%,Y,3,09-06-2024
669,23,60000,RENT,3,EDUCATION,20000,12.21,1,33.00%,N,2,29-11-2024
670,21,20400,OWN,2,EDUCATION,1275,15.23,0,6.00%,Y,3,01-06-2025
671,25,54000,RENT,1,DEBTCONSOLIDATION,20000,14.11,1,37.00%,N,4,27-10-2025
672,24,60000,RENT,0,PERSONAL,20000,11.14,1,33.00%,N,2,23-10-2025
673,21,20400,OWN,5,MEDICAL,2400,11.49,0,12.00%,N,4,07-07-2025
674,24,60000,RENT,8,PERSONAL,20000,13.87,1,33.00%,N,4,19-01-2025
675,26,60000,RENT,3,HOMEIMPROVEMENT,20000,10.08,1,33.00%,N,4,29-12-2023
676,23,54504,RENT,1,PERSONAL,20000,16.7,1,37.00%,Y,4,16-03-2025
677,24,55000,RENT,2,VENTURE,20000,18.64,1,36.00%,N,2,08-01-2025
678,24,61000,RENT,2,HOMEIMPROVEMENT,20000,12.18,1,33.00%,N,4,04-11-2025
679,22,20400,OWN,0,DEBTCONSOLIDATION,3800,,0,19.00%,Y,3,29-04-2024
680,25,62000,RENT,3,MEDICAL,20000,6.54,1,32.00%,N,3,28-01-2023
681,24,56000,RENT,3,EDUCATION,20000,14.61,1,36.00%,Y,4,14-12-2024
682,21,56000,RENT,4,VENTURE,20000,17.39,1,36.00%,Y,3,28-11-2025
683,24,62400,RENT,8,HOMEIMPROVEMENT,20000,11.12,1,32.00%,N,2,27-03-2023
684,25,62400,RENT,7,VENTURE,20000,11.48,1,32.00%,N,2,06-05-2023
685,25,63000,RENT,3,MEDICAL,20000,12.42,1,32.00%,N,3,22-03-2025
686,26,58000,RENT,0,DEBTCONSOLIDATION,20000,10.25,1,34.00%,N,2,20-06-2024
687,23,65000,RENT,0,MEDICAL,20000,10.65,1,31.00%,N,3,25-05-2023
688,24,20800,OWN,0,PERSONAL,5000,16.29,0,24.00%,Y,3,25-01-2023
689,23,65000,RENT,0,MEDICAL,20000,10.37,1,31.00%,N,2,08-03-2023
690,23,65000,RENT,7,VENTURE,20000,11.49,1,31.00%,N,3,21-08-2023
691,24,20856,OWN,,VENTURE,10000,10.59,0,48.00%,N,4,19-04-2023
692,25,20868,OWN,0,VENTURE,5375,13.49,0,26.00%,Y,2,21-04-2023
693,26,59000,RENT,3,PERSONAL,20000,,1,34.00%,N,4,16-08-2023
694,23,59000,RENT,7,EDUCATION,20000,12.29,1,34.00%,N,4,21-04-2023
695,21,21000,MORTGAGE,5,DEBTCONSOLIDATION,3500,17.27,1,17.00%,Y,2,03-02-2023
696,26,65004,RENT,7,DEBTCONSOLIDATION,20000,11.99,1,31.00%,N,2,14-09-2024
697,25,59004,RENT,1,PERSONAL,20000,14.84,1,34.00%,Y,2,17-01-2025
698,23,59004,RENT,5,DEBTCONSOLIDATION,20000,10.83,1,34.00%,N,2,17-08-2024
699,23,65500,RENT,2,DEBTCONSOLIDATION,20000,13.22,1,31.00%,N,2,29-02-2024
700,22,66996,RENT,3,EDUCATION,20000,12.18,0,30.00%,N,2,04-09-2024
701,23,67000,RENT,0,MEDICAL,20000,11.11,0,30.00%,N,2,22-11-2024
702,24,67000,RENT,5,HOMEIMPROVEMENT,20000,13.48,0,30.00%,Y,2,11-11-2023
703,26,68000,RENT,10,EDUCATION,20000,10.75,0,29.00%,N,4,26-05-2025
704,25,68000,RENT,4,PERSONAL,20000,12.53,0,29.00%,Y,4,23-10-2024
705,24,62400,RENT,4,DEBTCONSOLIDATION,20000,14.84,1,32.00%,N,4,04-10-2023
706,23,69500,RENT,3,VENTURE,20000,17.74,0,29.00%,Y,2,15-09-2024
707,25,70000,RENT,5,HOMEIMPROVEMENT,20000,9.99,0,29.00%,N,2,30-05-2024
708,22,70000,RENT,2,PERSONAL,20000,6.91,0,29.00%,N,4,22-04-2025
709,25,64000,RENT,0,HOMEIMPROVEMENT,20000,,1,31.00%,N,4,16-12-2023
710,25,71004,RENT,9,PERSONAL,20000,14.09,0,28.00%,N,2,02-04-2025
711,22,21000,MORTGAGE,4,DEBTCONSOLIDATION,3000,11.49,0,14.00%,N,3,28-01-2025
712,23,71004,RENT,8,EDUCATION,20000,14.09,0,28.00%,N,3,17-06-2025
713,23,55392,RENT,3,MEDICAL,20000,15.2,1,31.00%,Y,4,31-08-2023
714,24,72000,RENT,5,MEDICAL,20000,11.83,0,28.00%,N,2,26-06-2024
715,24,21000,OTHER,4,PERSONAL,6000,12.21,0,29.00%,N,2,29-11-2025
716,23,66000,RENT,1,VENTURE,20000,14.11,1,30.00%,N,3,17-08-2023
717,22,66000,RENT,3,DEBTCONSOLIDATION,20000,14.42,1,30.00%,N,2,01-07-2024
718,24,72000,RENT,4,HOMEIMPROVEMENT,20000,14.74,0,28.00%,Y,3,08-07-2025
719,24,74000,RENT,0,HOMEIMPROVEMENT,20000,12.69,0,27.00%,N,3,06-01-2023
720,22,21120,MORTGAGE,3,DEBTCONSOLIDATION,1625,16.89,1,8.00%,Y,3,12-04-2024
721,25,75000,RENT,8,DEBTCONSOLIDATION,20000,,0,27.00%,N,4,16-03-2023
722,21,21216,MORTGAGE,5,HOMEIMPROVEMENT,4500,,1,21.00%,Y,2,04-01-2023
723,25,21221,MORTGAGE,4,VENTURE,8500,9.63,0,40.00%,N,4,07-10-2024
724,24,75000,RENT,4,HOMEIMPROVEMENT,20000,8.88,0,27.00%,N,3,28-04-2023
725,26,75000,RENT,5,MEDICAL,20000,6.91,0,27.00%,N,4,30-05-2025
726,26,75000,RENT,3,EDUCATION,20000,,0,27.00%,N,3,18-05-2024
727,25,75000,RENT,0,PERSONAL,20000,10.38,0,27.00%,N,3,04-08-2025
728,22,69000,RENT,6,DEBTCONSOLIDATION,20000,10.99,1,29.00%,N,4,27-07-2024
729,22,75000,RENT,2,VENTURE,20000,,0,27.00%,N,2,13-07-2023
730,21,21600,MORTGAGE,6,PERSONAL,7575,,0,35.00%,N,3,26-04-2025
731,26,21600,OWN,5,EDUCATION,5200,12.42,0,24.00%,N,3,15-12-2024
732,24,69000,RENT,0,HOMEIMPROVEMENT,20000,14.82,1,29.00%,N,4,15-11-2025
733,23,75600,RENT,3,PERSONAL,20000,16.32,0,26.00%,Y,3,22-06-2023
734,23,59497,RENT,0,MEDICAL,20000,16,1,29.00%,N,3,22-11-2023
735,23,76000,RENT,7,MEDICAL,20000,10.37,0,26.00%,N,3,15-04-2025
736,26,70000,RENT,7,DEBTCONSOLIDATION,20000,13.16,1,29.00%,N,3,24-12-2024
737,24,70000,RENT,8,VENTURE,20000,14.88,1,29.00%,N,4,13-08-2023
738,22,77004,RENT,6,DEBTCONSOLIDATION,20000,13.98,0,26.00%,N,4,15-06-2024
739,26,71004,RENT,0,HOMEIMPROVEMENT,20000,13.36,1,28.00%,Y,2,23-04-2023
740,21,21600,OWN,,VENTURE,7125,6.99,0,33.00%,N,3,20-05-2023
741,22,21600,MORTGAGE,,EDUCATION,4025,5.42,0,19.00%,N,4,12-07-2024
742,24,21600,MORTGAGE,8,MEDICAL,8000,5.42,0,37.00%,N,2,01-01-2023
743,26,78000,RENT,8,HOMEIMPROVEMENT,20000,13.85,0,26.00%,Y,4,31-03-2023
744,22,21600,MORTGAGE,,PERSONAL,4000,12.99,0,19.00%,N,2,15-10-2024
745,26,21600,OWN,,MEDICAL,4200,9.99,0,19.00%,N,3,16-11-2023
746,22,21600,MORTGAGE,6,VENTURE,1400,,0,6.00%,N,2,19-05-2023
747,123,78000,RENT,7,VENTURE,20000,,0,26.00%,N,4,24-04-2025
748,23,61200,RENT,4,MEDICAL,20000,11.14,1,28.00%,N,2,16-09-2023
749,21,21600,MORTGAGE,2,DEBTCONSOLIDATION,3800,5.99,0,18.00%,N,2,20-06-2025
750,24,72000,RENT,6,DEBTCONSOLIDATION,20000,,1,28.00%,Y,4,20-11-2024
751,23,78000,RENT,3,VENTURE,20000,11.58,0,26.00%,N,3,10-01-2023
752,23,78500,RENT,7,MEDICAL,20000,13.85,0,25.00%,Y,4,18-09-2023
753,23,79000,RENT,5,EDUCATION,20000,16.89,0,25.00%,Y,4,21-06-2023
754,23,80000,RENT,4,MEDICAL,20000,7.9,0,25.00%,N,4,16-06-2025
755,23,21600,OWN,2,VENTURE,6000,12.68,0,28.00%,N,4,13-01-2023
756,22,62900,RENT,6,MEDICAL,20000,14.91,1,27.00%,N,4,17-11-2023
757,24,80000,RENT,3,VENTURE,20000,13.06,0,25.00%,N,4,25-11-2023
758,25,80000,RENT,7,EDUCATION,20000,8.88,0,25.00%,N,4,23-02-2025
759,23,21600,MORTGAGE,7,EDUCATION,2000,6.17,0,9.00%,N,4,15-02-2025
760,22,80000,RENT,3,EDUCATION,20000,13.98,0,25.00%,Y,4,29-06-2025
761,22,21600,OWN,3,VENTURE,8500,6.54,0,39.00%,N,4,14-11-2023
762,26,62900,RENT,2,MEDICAL,20000,13.85,1,27.00%,N,3,24-08-2023
763,26,21600,MORTGAGE,0,HOMEIMPROVEMENT,1000,10.36,0,5.00%,N,3,30-11-2023
764,25,74004,RENT,2,PERSONAL,20000,15.95,1,27.00%,Y,4,11-01-2024
765,25,80004,RENT,9,HOMEIMPROVEMENT,20000,14.26,0,25.00%,Y,4,10-08-2024
766,23,80700,RENT,7,MEDICAL,20000,11.71,0,25.00%,N,2,27-05-2024
767,22,81000,RENT,3,DEBTCONSOLIDATION,20000,13.49,0,25.00%,N,4,06-07-2025
768,24,21600,MORTGAGE,0,DEBTCONSOLIDATION,2000,14.84,1,9.00%,N,2,22-05-2025
769,22,82000,RENT,6,EDUCATION,20000,,0,24.00%,Y,2,27-09-2023
770,23,76042,RENT,6,HOMEIMPROVEMENT,20000,15.05,1,26.00%,Y,4,08-03-2025
771,22,76654,RENT,2,EDUCATION,20000,13.79,1,26.00%,Y,4,25-12-2024
772,24,83500,RENT,1,EDUCATION,20000,13.48,0,24.00%,N,3,05-01-2023
773,26,21600,OWN,,VENTURE,3000,6.76,0,14.00%,N,2,30-04-2025
774,23,84000,RENT,7,PERSONAL,20000,11.11,0,24.00%,N,4,19-03-2023
775,25,84000,RENT,9,EDUCATION,20000,13.92,0,24.00%,N,2,27-07-2024
776,23,21600,OWN,0,EDUCATION,4400,12.53,0,20.00%,N,2,12-05-2023
777,21,21600,MORTGAGE,2,DEBTCONSOLIDATION,10000,11.14,0,46.00%,N,2,23-08-2024
778,24,78996,RENT,2,HOMEIMPROVEMENT,20000,14.11,1,25.00%,N,2,01-12-2025
779,23,85000,RENT,0,MEDICAL,20000,7.49,0,24.00%,N,2,30-03-2023
780,25,85000,RENT,3,DEBTCONSOLIDATION,20000,10.25,0,24.00%,N,3,06-02-2024
781,26,73000,RENT,3,PERSONAL,20000,12.53,1,27.00%,N,2,23-10-2023
782,21,21816,MORTGAGE,2,PERSONAL,1500,11.86,0,7.00%,N,3,07-09-2024
783,23,21840,OWN,1,VENTURE,9000,7.88,0,41.00%,N,3,10-03-2025
784,25,85000,RENT,4,HOMEIMPROVEMENT,20000,,0,24.00%,N,2,26-02-2024
785,24,21948,MORTGAGE,2,VENTURE,4000,,0,18.00%,N,2,12-11-2025
786,22,87000,RENT,5,DEBTCONSOLIDATION,20000,13.85,0,23.00%,N,4,28-07-2024
787,23,21996,OWN,4,PERSONAL,6000,13.23,0,27.00%,N,4,23-05-2023
788,22,90000,RENT,5,PERSONAL,20000,,0,22.00%,N,4,19-09-2025
789,23,78000,RENT,0,HOMEIMPROVEMENT,20000,18.25,1,26.00%,Y,2,26-10-2024
790,24,90000,RENT,9,DEBTCONSOLIDATION,20000,6.54,0,22.00%,N,3,25-05-2023
791,23,90000,RENT,2,MEDICAL,20000,11.49,0,22.00%,N,4,03-10-2025
792,26,90000,RENT,10,MEDICAL,20000,11.49,0,22.00%,N,3,17-05-2024
793,22,22000,MORTGAGE,6,EDUCATION,7000,11.71,0,32.00%,N,2,31-03-2025
794,23,90000,RENT,0,DEBTCONSOLIDATION,20000,13.57,0,22.00%,N,4,14-04-2023
795,25,91229,RENT,2,EDUCATION,20000,14.35,0,22.00%,N,3,28-11-2025
796,26,22000,MORTGAGE,3,DEBTCONSOLIDATION,3825,10.65,0,17.00%,N,4,17-07-2023
797,22,92000,RENT,6,VENTURE,20000,15.65,0,22.00%,Y,2,01-08-2024
798,22,22000,MORTGAGE,3,VENTURE,6500,,0,30.00%,N,4,26-01-2024
799,25,22000,MORTGAGE,9,EDUCATION,5875,6.62,1,27.00%,N,2,07-07-2024
800,25,92407,RENT,9,MEDICAL,20000,9.25,0,22.00%,N,2,04-11-2025
801,22,22000,MORTGAGE,0,MEDICAL,2400,11.71,0,11.00%,N,3,22-04-2024
802,24,22000,MORTGAGE,8,PERSONAL,8000,5.42,0,36.00%,N,4,11-07-2025
803,26,93492,RENT,0,DEBTCONSOLIDATION,20000,9.45,0,21.00%,N,4,24-02-2024
804,23,22000,MORTGAGE,5,DEBTCONSOLIDATION,1550,7.49,1,7.00%,N,2,06-06-2023
805,22,94500,RENT,2,PERSONAL,20000,,0,21.00%,N,2,03-07-2024
806,23,83000,RENT,7,DEBTCONSOLIDATION,20000,,1,24.00%,N,2,17-10-2025
807,23,95000,RENT,2,EDUCATION,20000,10.99,0,21.00%,N,2,23-09-2025
808,24,95000,RENT,4,HOMEIMPROVEMENT,20000,,0,21.00%,Y,3,08-08-2025
809,21,22000,OWN,5,VENTURE,7350,7.66,0,33.00%,N,2,16-10-2023
810,23,96000,RENT,1,MEDICAL,20000,13.04,0,21.00%,N,3,15-07-2023
811,22,22000,MORTGAGE,6,PERSONAL,7200,7.14,0,33.00%,N,2,20-08-2024
812,22,85200,RENT,6,VENTURE,20000,15.65,1,23.00%,Y,4,31-05-2024
813,22,98000,RENT,2,EDUCATION,20000,11.83,0,20.00%,N,4,14-05-2025
814,24,22000,OWN,1,DEBTCONSOLIDATION,3000,16,0,14.00%,Y,2,16-03-2025
815,23,99000,RENT,7,EDUCATION,20000,15.28,0,20.00%,N,4,25-03-2025
816,21,22000,OWN,2,DEBTCONSOLIDATION,4000,15.05,0,18.00%,N,4,16-08-2023
817,22,22000,OWN,1,DEBTCONSOLIDATION,8500,15.05,0,39.00%,N,4,04-08-2023
818,24,99996,RENT,0,HOMEIMPROVEMENT,20000,14.22,0,20.00%,Y,3,05-08-2025
819,25,87996,RENT,0,HOMEIMPROVEMENT,20000,16.35,1,23.00%,N,3,15-01-2023
820,26,22000,OWN,6,VENTURE,7500,10.96,0,34.00%,N,2,16-02-2023
821,25,100000,RENT,9,HOMEIMPROVEMENT,20000,13.06,0,20.00%,N,2,20-11-2023
822,25,100000,RENT,9,HOMEIMPROVEMENT,20000,13.06,0,20.00%,Y,2,23-04-2025
823,25,22000,OWN,0,VENTURE,7500,,0,34.00%,Y,3,10-05-2023
824,23,22080,MORTGAGE,3,EDUCATION,6700,,0,30.00%,N,4,05-04-2023
825,22,74800,RENT,3,MEDICAL,20000,14.96,1,23.00%,Y,4,18-09-2024
826,23,74800,RENT,1,MEDICAL,20000,17.04,1,23.00%,Y,2,24-01-2025
827,22,100000,RENT,0,PERSONAL,20000,12.21,0,20.00%,N,3,04-03-2025
828,25,22260,MORTGAGE,9,PERSONAL,6400,7.88,0,29.00%,N,4,10-03-2023
829,26,22296,OWN,,PERSONAL,5400,5.42,0,24.00%,N,3,11-01-2023
830,26,104000,RENT,0,DEBTCONSOLIDATION,20000,10.74,0,19.00%,N,2,21-05-2025
831,23,93000,RENT,6,PERSONAL,20000,13.22,1,22.00%,N,3,03-07-2024
832,23,95000,RENT,0,DEBTCONSOLIDATION,20000,14.59,1,21.00%,Y,2,12-12-2024
833,25,108000,RENT,0,HOMEIMPROVEMENT,20000,,0,19.00%,N,4,23-01-2023
834,25,96901,RENT,3,PERSONAL,20000,,1,21.00%,N,3,25-03-2025
835,23,110000,RENT,3,EDUCATION,20000,12.42,0,18.00%,N,3,12-12-2023
836,22,110000,RENT,7,EDUCATION,20000,14.17,0,18.00%,N,3,29-10-2023
837,22,110000,RENT,6,DEBTCONSOLIDATION,20000,13.72,0,18.00%,N,3,29-12-2023
838,24,110000,RENT,1,PERSONAL,20000,10.38,0,18.00%,N,4,31-01-2024
839,23,110000,RENT,2,VENTURE,20000,,0,18.00%,N,2,06-08-2023
840,22,22800,MORTGAGE,5,PERSONAL,2000,7.51,0,9.00%,N,3,21-05-2023
841,22,22800,MORTGAGE,0,HOMEIMPROVEMENT,7125,11.71,1,31.00%,N,3,15-08-2025
842,23,22800,MORTGAGE,2,PERSONAL,3000,8.9,1,13.00%,N,2,11-09-2025
843,25,85000,RENT,7,MEDICAL,20000,17.39,1,20.00%,N,2,19-09-2025
844,23,22800,MORTGAGE,3,PERSONAL,4800,5.79,0,21.00%,N,2,07-04-2025
845,22,22800,MORTGAGE,,PERSONAL,8300,12.61,1,36.00%,Y,2,13-11-2024
846,23,120000,RENT,4,MEDICAL,20000,10.37,0,17.00%,N,4,30-09-2025
847,24,22800,OWN,3,HOMEIMPROVEMENT,4750,11.36,0,21.00%,N,3,22-12-2023
848,24,121000,RENT,8,VENTURE,20000,8.9,0,17.00%,N,3,04-10-2025
849,23,125000,RENT,7,VENTURE,20000,11.11,0,16.00%,N,4,06-06-2025
850,22,22800,MORTGAGE,0,EDUCATION,3000,8.94,0,13.00%,N,2,07-05-2023
851,25,130000,RENT,0,PERSONAL,20000,15.27,0,15.00%,N,2,05-10-2025
852,26,130000,RENT,10,DEBTCONSOLIDATION,20000,13.11,0,15.00%,Y,4,26-08-2024
853,23,22884,MORTGAGE,4,EDUCATION,6000,16,0,26.00%,N,2,10-10-2025
854,24,133000,RENT,3,EDUCATION,20000,12.36,0,15.00%,Y,2,20-02-2023
855,22,23000,MORTGAGE,5,DEBTCONSOLIDATION,10625,7.51,0,46.00%,N,4,18-11-2025
856,21,23000,MORTGAGE,2,MEDICAL,7000,8.9,0,30.00%,N,3,17-02-2025
857,25,140000,RENT,9,EDUCATION,20000,6.54,0,14.00%,N,4,24-03-2025
858,24,138000,RENT,2,VENTURE,20000,15.99,1,14.00%,Y,3,24-02-2024
859,23,23000,MORTGAGE,7,HOMEIMPROVEMENT,3600,17.27,1,16.00%,Y,3,09-09-2025
860,26,148000,RENT,1,DEBTCONSOLIDATION,20000,17.99,1,14.00%,N,3,04-04-2025
861,22,160000,RENT,6,PERSONAL,20000,7.49,0,13.00%,N,4,21-10-2025
862,22,23000,MORTGAGE,2,DEBTCONSOLIDATION,4800,10,0,21.00%,N,4,20-07-2024
863,26,160000,RENT,3,HOMEIMPROVEMENT,20000,9.99,0,13.00%,N,3,06-01-2024
864,26,168000,RENT,1,VENTURE,20000,11.36,0,12.00%,N,4,24-07-2025
865,26,172500,RENT,3,HOMEIMPROVEMENT,20000,11.83,0,12.00%,N,2,22-10-2024
866,21,23000,MORTGAGE,6,DEBTCONSOLIDATION,3000,13.35,0,13.00%,N,3,26-08-2025
867,25,175000,RENT,3,DEBTCONSOLIDATION,20000,14.72,0,11.00%,Y,2,21-07-2023
868,25,23000,MORTGAGE,,HOMEIMPROVEMENT,4400,6.76,0,19.00%,N,2,09-11-2023
869,25,58000,RENT,9,MEDICAL,19900,11.83,1,34.00%,N,4,27-04-2023
870,26,116000,RENT,10,MEDICAL,19800,11.48,0,17.00%,N,4,25-07-2025
871,26,19500,RENT,0,MEDICAL,500,11.41,0,3.00%,N,2,28-07-2024
872,25,23000,MORTGAGE,4,PERSONAL,10000,,1,43.00%,Y,2,01-09-2023
873,21,19000,RENT,0,EDUCATION,700,12.29,0,4.00%,N,2,20-06-2024
874,22,23000,MORTGAGE,4,EDUCATION,7000,14.96,0,30.00%,Y,3,16-03-2023
875,25,19000,RENT,0,DEBTCONSOLIDATION,750,12.29,0,4.00%,Y,4,21-01-2024
876,23,10000,RENT,,PERSONAL,1000,10.37,1,10.00%,N,2,19-04-2024
877,22,10000,RENT,0,HOMEIMPROVEMENT,1000,14.74,1,10.00%,N,4,22-02-2024
878,21,10140,RENT,,HOMEIMPROVEMENT,1000,13.43,1,10.00%,N,4,13-12-2023
879,22,23000,MORTGAGE,1,EDUCATION,2400,9.63,0,10.00%,N,4,01-10-2024
880,21,23000,OTHER,0,EDUCATION,2400,12.21,0,10.00%,N,4,27-07-2025
881,23,10500,RENT,,MEDICAL,1000,10.25,1,10.00%,N,2,12-08-2025
882,22,11220,RENT,,MEDICAL,1000,12.99,0,9.00%,N,4,25-05-2025
883,22,11760,RENT,0,VENTURE,1000,13.98,0,9.00%,N,4,01-02-2025
884,23,11820,RENT,,DEBTCONSOLIDATION,1000,14.65,0,8.00%,N,3,25-10-2024
885,25,12000,RENT,0,EDUCATION,1000,10.65,0,8.00%,N,2,25-01-2023
886,21,12000,RENT,1,EDUCATION,1000,13.98,0,8.00%,N,2,10-12-2024
887,22,12000,RENT,0,PERSONAL,1000,13.57,1,8.00%,N,3,26-06-2023
888,22,12240,RENT,1,PERSONAL,1000,14.96,1,8.00%,Y,3,12-10-2023
889,24,13728,RENT,,DEBTCONSOLIDATION,1000,10,1,7.00%,N,4,04-03-2023
890,21,14400,RENT,1,VENTURE,1000,16.29,1,7.00%,N,4,29-09-2025
891,23,23040,OWN,0,VENTURE,2000,11.11,0,9.00%,N,3,23-10-2024
892,21,23040,OWN,1,VENTURE,5000,,0,22.00%,N,3,27-10-2024
893,22,14400,RENT,2,VENTURE,1000,16.69,1,7.00%,Y,3,05-06-2023
894,21,23040,OWN,0,EDUCATION,15000,8.94,0,65.00%,N,2,08-12-2025
895,22,15000,RENT,0,MEDICAL,1000,14.3,1,7.00%,Y,3,24-08-2025
896,21,16000,RENT,2,VENTURE,1000,15.65,1,6.00%,Y,3,28-04-2025
897,24,16800,RENT,,VENTURE,1000,11.49,0,6.00%,N,3,19-11-2024
898,22,16800,RENT,2,EDUCATION,1000,13.48,0,6.00%,Y,4,28-05-2023
899,24,19200,RENT,2,EDUCATION,1000,12.53,0,5.00%,N,4,08-12-2023
900,23,39600,RENT,5,EDUCATION,19000,10.62,1,48.00%,N,2,20-04-2024
901,22,39900,RENT,4,VENTURE,19000,12.18,1,48.00%,N,3,22-12-2025
902,25,47000,RENT,4,MEDICAL,19000,11.99,1,40.00%,N,2,14-07-2024
903,25,50000,RENT,2,HOMEIMPROVEMENT,19000,10.99,1,38.00%,N,4,23-11-2023
904,25,52000,RENT,5,MEDICAL,19000,,1,37.00%,N,4,16-09-2025
905,24,23500,MORTGAGE,2,DEBTCONSOLIDATION,7000,10.38,0,30.00%,N,3,03-08-2023
906,26,47500,RENT,10,PERSONAL,19000,16.7,1,40.00%,Y,4,10-03-2024
907,25,54000,RENT,8,DEBTCONSOLIDATION,19000,,1,35.00%,Y,4,09-08-2025
908,22,54000,RENT,6,VENTURE,19000,,1,35.00%,N,4,23-12-2024
909,23,54586,RENT,5,PERSONAL,19000,11.14,1,35.00%,N,2,01-02-2023
910,26,62004,RENT,5,MEDICAL,19000,7.49,1,31.00%,N,2,31-10-2024
911,22,70000,RENT,1,MEDICAL,19000,8.88,0,27.00%,N,4,12-10-2023
912,23,72000,RENT,3,MEDICAL,19000,10.99,0,26.00%,N,4,04-03-2024
913,24,73000,RENT,8,HOMEIMPROVEMENT,19000,10.62,0,26.00%,N,3,13-10-2023
914,23,78000,RENT,2,VENTURE,19000,8.9,0,24.00%,N,2,08-11-2025
915,25,23920,MORTGAGE,0,MEDICAL,6000,14.59,1,25.00%,Y,2,18-01-2023
916,22,23964,OWN,,VENTURE,2500,9.91,0,10.00%,N,2,07-02-2025
917,26,96000,RENT,6,PERSONAL,19000,13.22,0,20.00%,Y,2,12-08-2024
918,24,105000,RENT,2,HOMEIMPROVEMENT,19000,12.29,0,18.00%,Y,2,06-10-2025
919,24,175000,RENT,1,PERSONAL,19000,11.48,0,11.00%,N,3,13-07-2023
920,26,50000,RENT,10,PERSONAL,18950,,1,38.00%,N,3,16-05-2024
921,26,55000,RENT,7,DEBTCONSOLIDATION,18800,6.99,1,34.00%,N,2,14-09-2025
922,22,70000,RENT,2,DEBTCONSOLIDATION,18750,10.38,0,27.00%,N,2,24-04-2023
923,22,36500,RENT,0,VENTURE,18725,6.54,1,51.00%,N,3,04-08-2025
924,22,43000,RENT,4,DEBTCONSOLIDATION,18550,11.83,1,43.00%,N,4,10-04-2025
925,24,24000,OWN,0,VENTURE,7100,12.42,0,30.00%,N,3,13-07-2025
926,24,34300,RENT,4,MEDICAL,18500,10.71,1,54.00%,N,2,24-02-2023
927,21,36000,RENT,3,EDUCATION,18500,10.91,1,51.00%,N,3,10-03-2025
928,22,38000,RENT,2,MEDICAL,18500,7.66,1,49.00%,N,4,16-02-2025
929,25,55784,RENT,2,DEBTCONSOLIDATION,18500,13.61,1,33.00%,N,3,11-06-2023
930,23,74196,RENT,2,EDUCATION,18500,11.26,0,25.00%,N,3,28-03-2023
931,25,75000,RENT,0,EDUCATION,18500,7.49,0,25.00%,N,3,24-02-2023
932,24,73000,RENT,0,HOMEIMPROVEMENT,18500,7.9,1,25.00%,N,2,28-10-2025
933,22,24000,OWN,5,MEDICAL,8000,9.91,0,33.00%,N,2,12-04-2025
934,21,24000,MORTGAGE,0,VENTURE,3000,7.9,0,13.00%,N,4,09-11-2023
935,24,78000,RENT,1,VENTURE,18500,15.33,1,24.00%,N,2,28-01-2025
936,26,145000,RENT,3,EDUCATION,18500,12.87,0,13.00%,Y,3,18-03-2024
937,22,24000,MORTGAGE,5,EDUCATION,5000,7.9,0,21.00%,N,2,24-11-2023
938,22,48888,RENT,1,PERSONAL,18400,13.16,1,38.00%,N,2,13-12-2025
939,22,50000,RENT,2,DEBTCONSOLIDATION,18400,9.99,1,37.00%,N,2,30-01-2025
940,23,120000,RENT,7,PERSONAL,18400,8.9,0,15.00%,N,2,01-08-2024
941,22,24000,MORTGAGE,1,VENTURE,5000,14.65,1,21.00%,N,4,10-12-2025
942,25,24000,MORTGAGE,0,DEBTCONSOLIDATION,6000,13.49,0,25.00%,Y,3,03-10-2025
943,22,34000,RENT,0,VENTURE,18250,10.25,1,54.00%,N,3,06-04-2023
944,24,35004,RENT,3,PERSONAL,18250,11.49,1,52.00%,N,4,24-03-2025
945,25,34500,RENT,1,VENTURE,18250,17.04,1,53.00%,N,3,05-05-2024
946,23,42504,RENT,0,MEDICAL,18250,10.25,1,43.00%,N,3,27-03-2024
947,22,24000,MORTGAGE,4,VENTURE,1300,5.42,0,5.00%,N,3,14-06-2023
948,22,36996,RENT,2,PERSONAL,18250,14.61,1,49.00%,Y,2,01-07-2023
949,24,45600,RENT,2,VENTURE,18250,13.35,1,40.00%,N,4,13-04-2024
950,25,24000,MORTGAGE,,DEBTCONSOLIDATION,5800,5.99,0,24.00%,N,3,28-06-2025
951,23,46000,RENT,6,PERSONAL,18250,10.75,1,40.00%,N,2,04-01-2025
952,25,46000,RENT,8,DEBTCONSOLIDATION,18250,14.26,1,40.00%,N,3,02-04-2025
953,25,55044,RENT,4,VENTURE,18250,17.56,1,33.00%,N,2,01-08-2025
954,25,49200,RENT,,VENTURE,18250,14.83,1,37.00%,N,3,07-01-2023
955,22,50000,RENT,6,DEBTCONSOLIDATION,18250,16.7,1,36.00%,Y,3,26-11-2023
956,23,50000,RENT,4,VENTURE,18225,10.74,1,36.00%,N,2,13-02-2025
957,26,44000,RENT,0,HOMEIMPROVEMENT,18225,14.91,1,41.00%,N,4,31-05-2023
958,24,36000,RENT,4,VENTURE,18200,8.88,1,51.00%,N,4,27-05-2023
959,25,36400,RENT,2,PERSONAL,18200,9.91,1,50.00%,N,4,03-07-2025
960,22,36000,RENT,6,DEBTCONSOLIDATION,18200,11.71,1,51.00%,N,3,30-11-2024
961,24,55000,RENT,4,EDUCATION,18200,10.99,1,33.00%,N,2,23-03-2023
962,23,27000,RENT,2,VENTURE,18000,11.54,1,67.00%,Y,4,28-05-2024
963,23,24000,OWN,2,EDUCATION,8000,15.62,0,33.00%,N,2,25-03-2025
964,23,33000,RENT,4,VENTURE,18000,9.91,1,55.00%,N,4,09-12-2024
965,21,36000,RENT,,PERSONAL,18000,9.88,1,50.00%,N,3,15-01-2025
966,21,30720,RENT,5,EDUCATION,18000,13.48,1,59.00%,Y,4,19-10-2025
967,23,39996,RENT,2,EDUCATION,18000,9.25,1,45.00%,N,4,07-12-2024
968,25,40000,RENT,2,MEDICAL,18000,13.11,1,45.00%,Y,3,15-04-2024
969,22,24000,MORTGAGE,2,DEBTCONSOLIDATION,5000,10.99,0,21.00%,N,4,31-01-2024
970,25,42000,RENT,3,VENTURE,18000,6.17,1,43.00%,N,2,18-09-2023
971,24,24000,MORTGAGE,3,MEDICAL,8000,5.99,0,33.00%,N,4,15-03-2025
972,24,24000,OWN,1,EDUCATION,2400,7.49,0,10.00%,N,2,22-07-2025
973,24,42765,RENT,9,DEBTCONSOLIDATION,18000,11.03,1,42.00%,Y,2,23-06-2025
974,24,43000,RENT,9,MEDICAL,18000,7.9,1,42.00%,N,2,12-12-2025
975,22,44000,RENT,7,EDUCATION,18000,13.57,1,41.00%,Y,4,28-07-2025
976,24,44000,RENT,6,VENTURE,18000,12.18,1,41.00%,N,2,03-05-2025
977,25,39000,RENT,3,MEDICAL,18000,17.19,1,46.00%,N,3,15-08-2024
978,22,46800,RENT,6,MEDICAL,18000,15.23,1,38.00%,Y,2,14-12-2024
979,22,48000,RENT,5,EDUCATION,18000,,1,38.00%,N,2,23-09-2024
980,24,42000,RENT,8,HOMEIMPROVEMENT,18000,14.46,1,43.00%,Y,3,28-02-2023
981,24,24000,OWN,5,VENTURE,4200,6.99,0,17.00%,N,3,08-05-2023
982,24,43400,RENT,2,DEBTCONSOLIDATION,18000,16.63,1,41.00%,Y,2,05-01-2025
983,24,50000,RENT,1,MEDICAL,18000,12.42,1,36.00%,N,4,21-12-2024
984,24,50000,RENT,4,VENTURE,18000,7.9,1,36.00%,N,4,09-06-2024
985,23,24000,MORTGAGE,2,MEDICAL,5000,15.99,1,21.00%,Y,2,04-06-2024
986,23,24000,OWN,,PERSONAL,4200,10.99,0,17.00%,N,4,05-07-2024
987,26,50000,RENT,5,EDUCATION,18000,13.11,1,36.00%,N,3,25-08-2023
988,22,50000,RENT,6,VENTURE,18000,13.79,1,36.00%,N,2,08-05-2024
989,22,24000,OWN,3,EDUCATION,2500,10.59,0,10.00%,N,2,04-01-2023
990,22,52000,RENT,6,EDUCATION,18000,,1,35.00%,N,4,27-10-2024
991,22,24000,OWN,1,MEDICAL,6000,12.68,0,25.00%,Y,4,17-03-2024
992,25,52000,RENT,2,VENTURE,18000,12.98,1,35.00%,N,4,29-01-2023
993,22,52000,RENT,1,VENTURE,18000,13.85,1,35.00%,Y,4,01-09-2024
994,25,52526,RENT,9,VENTURE,18000,12.21,1,34.00%,N,2,15-03-2025
995,22,46610,RENT,6,DEBTCONSOLIDATION,18000,10.71,1,39.00%,N,3,16-03-2023
996,24,48000,RENT,5,PERSONAL,18000,6.54,1,38.00%,N,2,17-04-2025
997,23,24000,OWN,0,PERSONAL,8000,5.79,0,33.00%,N,3,08-05-2023
998,25,55000,RENT,2,EDUCATION,18000,12.84,1,33.00%,N,2,11-02-2023
999,25,55344,RENT,2,HOMEIMPROVEMENT,18000,10.99,1,33.00%,N,4,10-02-2023
